1@NearCheek-1@NearCheek_X@NearCheek-X@NearCheek
9@InsideNeckhigh-PalmDown_9@Side-NeckhighPalmUp
9@InsideNeckhigh-PalmDown_9@SideNeckhigh-PalmUp
A@IpsiChest-RadialBack_A@ContraChest-RadialBack
Jesus_Daaztsą́ą́dę́ę́ʼ_Náádiidzáhígíí_Bééhániih
Kéyah_Dańlíinii_bikáaʼgi_kéédahatʼínígíí_bizaad
Naakaii_Łizhiní_Bikéyahdę́ę́ʼ_łééchąąʼí_ałchiní
National_Oceanic_and_Atmospheric_Administration
OpenB@Sternum-FingerBack_OpenB@Trunk-FingerBack
OpenB@SternumHigh-PalmUp_OpenB@Trunkhigh-PalmUp
Regno_Unito_di_Gran_Bretagna_e_Irlanda_del_Nord
an_ounce_of_prevention_is_worth_a_pound_of_cure
beter_één_vogel_in_de_hand_dan_tien_in_de_lucht
bu_dual_do_dh'isean_an_ròin_a_dhol_chun_na_mara
co_se_v_mládí_naučíš,_ve_stáří_jako_když_najdeš
comme_un_éléphant_dans_un_magasin_de_porcelaine
could_be_written_on_the_back_of_a_postage_stamp
der_Tropfen,_der_das_Fass_zum_Überlaufen_bringt
fucking_you_get_isn't_worth_the_fucking_you_get
great-great-great-great-great-great-grandfather
great-great-great-great-great-great-grandmother
great-great-great-great-great-great-grandparent
great_great_great_great_great_great_grandfather
great_great_great_great_great_great_grandmother
great_great_great_great_great_great_grandparent
have_to_try_twice_as_hard_just_to_stay_standing
hotter_than_a_fresh_fucked_fox_in_a_forest_fire
let_him_who_is_without_sin_cast_the_first_stone
lightning_never_strikes_twice_in_the_same_place
massively_multiplayer_online_role-playing_games
mladost_je_norost,_čez_jarek_skače_kjer_je_most
one_cannot_make_a_silk_purse_out_of_a_sow's_ear
pneumoultramicroscopicossilicovulcanoconióticas
pneumoultramicroscopicossilicovulcanoconióticos
run_around_like_a_chicken_with_its_head_cut_off
semel_furibundus,_semper_furibundus_praesumitur
the_way_to_a_man's_heart_is_through_his_stomach
who_are_you_and_what_have_you_done_with_someone
you'd_complain_if_you_were_hung_with_a_new_rope
you_cannot_make_a_silk_purse_out_of_a_pig's_ear
you_cannot_make_a_silk_purse_out_of_a_sow's_ear
you_don't_dip_your_pen_in_the_company's_inkwell
água_mole_em_pedra_dura_tanto_bate_até_que_fura
ílį́įgo_Wááshindoon_Bikéyah_biiʼ_kééhojitʼíinii
ձեռքբերովի_իմունային_անբավարարության_համախտանիշ
MSL_Entry,_Descent,_and_Landing_Instrumentation
hotter_than_a_fresh_fucked_fox_in_a_forest_fire
who_are_you_and_what_have_you_done_with_someone
água_mole_em_pedra_dura_tanto_bate_até_que_fura
Akanemoto/combinations/temp2/A/page/gojuon/link
Akanemoto/combinations/temp2/A/page/links/third
Akanemoto/combinations/temp2/f/page/links/first
Bodigami/basic_spanish-english-italian_concepts
Gilgamesh/Alternative_writing_systems/phon-arab
Gilgamesh/Alternative_writing_systems/phon-hebr
Gilgamesh/Alternative_writing_systems/phon2-rtl
Gilgamesh/Modern_Standard_English_metaphonology
Hippietrail/Die_Liebe_in_den_Zeiten_der_Cholera
Matthias_Buchmeier/German_frequency_list-1-5000
Mutante/German_nouns_without_other_categories/A
Mutante/German_nouns_without_other_categories/B
Mutante/German_nouns_without_other_categories/C
Mutante/German_nouns_without_other_categories/D
Mutante/German_nouns_without_other_categories/E
Mutante/German_nouns_without_other_categories/F
Mutante/German_nouns_without_other_categories/G
Mutante/German_nouns_without_other_categories/H
Mutante/German_nouns_without_other_categories/I
Mutante/German_nouns_without_other_categories/J
Mutante/German_nouns_without_other_categories/K
Mutante/German_nouns_without_other_categories/L
Mutante/German_nouns_without_other_categories/M
Mutante/German_nouns_without_other_categories/N
Mutante/German_nouns_without_other_categories/O
Mutante/German_nouns_without_other_categories/P
Mutante/German_nouns_without_other_categories/Q
Mutante/German_nouns_without_other_categories/R
Mutante/German_nouns_without_other_categories/S
Mutante/German_nouns_without_other_categories/T
Mutante/German_nouns_without_other_categories/U
Mutante/German_nouns_without_other_categories/V
Mutante/German_nouns_without_other_categories/W
Mutante/German_nouns_without_other_categories/Y
Mutante/German_nouns_without_other_categories/Z
Mzajac/jQuery.makeCollapsible_in_table_captions
Pathoschild/Project_literature/The_Time_Machine
Pathoschild/Wiktionary:Style_guide_(categories)
Razorflame/Esperanto_pronunciation_to_do_list/1
Razorflame/Esperanto_pronunciation_to_do_list/2
Razorflame/Esperanto_pronunciation_to_do_list/3
Razorflame/Esperanto_pronunciation_to_do_list/4
Razorflame/Esperanto_pronunciation_to_do_list/5
Razorflame/Esperanto_pronunciation_to_do_list/6
Razorflame/Esperanto_pronunciation_to_do_list/7
Razorflame/Esperanto_pronunciation_to_do_list/8
Razorflame/Esperanto_pronunciation_to_do_list/9
Robert_Ullmann/Pronunciation_exceptions/remains
Tooironic/Mandarin_capital_cities_and_countries
Yair_rand/uncategorized_language_sections/VWXYZ
Bad_jokes_and_other_deleted_nonsense/Wikisaurus
CFI/Languages_with_limited_online_documentation
Frequency_lists/Complete_Shakespeare_wordlist_1
Frequency_lists/Complete_Shakespeare_wordlist_2
Frequency_lists/Complete_Shakespeare_wordlist_3
Frequency_lists/Complete_Shakespeare_wordlist_4
Frequency_lists/Complete_Shakespeare_wordlist_5
Frequency_lists/Complete_Shakespeare_wordlist_6
Frequency_lists/Complete_Shakespeare_wordlist_7
Frequency_lists/Complete_Shakespeare_wordlist_8
Frequency_lists/Complete_Shakespeare_wordlist_9
Frequency_lists/top_2000_German_Wikipedia_words
Interlingua_index_(placa_-_povressa_paupertate)
Interlingua_index_(rehabilitar_-_requisitionar)
Languages_with_more_than_one_grammatical_gender
Limited_Documentation_Languages/Getting_Started
Official_languages_of_the_European_Union_matrix
Project_-_Spanish/Spanish_uncategorized_entries
Project_-_Translation_sharing_between_spellings
Requested_entries:Unknown_language_(CJK_script)
Requests_for_verification_archive/December_2005
Requests_for_verification_archive/December_2006
Requests_for_verification_archive/December_2007
Requests_for_verification_archive/December_2008
Requests_for_verification_archive/February_2006
Requests_for_verification_archive/February_2008
Requests_for_verification_archive/February_2009
Requests_for_verification_archive/November_2005
Requests_for_verification_archive/November_2006
Requests_for_verification_archive/November_2007
Requests_for_verification_archive/November_2008
Requests_for_verification_archive/November_2010
Spelling_Variants_in_Entry_Names_-_Draft_Policy
Todo/Entries_containing_obsolete_IPA_characters
Votes/2007-06/Level_of_basic_headings/example_1
Votes/2007-06/Level_of_basic_headings/example_5
Votes/bt-2007-11/User:DerbethBot_for_bot_status
Votes/bt-2009-06/User:Volantsbot_for_bot_status
Votes/bt-2009-08/User:Dawnraybot_for_bot_status
Votes/bt-2009-09/User:Conrad.Bot_to_do_anagrams
Votes/bt-2009-12/User:Darkicebot_for_bot_status
Votes/bt-2010-07/User:NadandoBot_for_bot_status
Votes/bt-2012-06/User:タチコマ_robot_for_bot_status
Votes/bt-2012-07/User:Bot-Jagwar_for_bot_status
Votes/bt-2012-08/User:GanimalBot_for_bot_status
Votes/bt-2013-02/User:NjardarBot_for_bot_status
Votes/pl-2008-01/Appendices_for_fictional_terms
Votes/pl-2009-02/Amending_ELE_Order_of_Headings
Votes/pl-2010-01/Renaming_given_name_appendixes
Votes/pl-2010-03/Bolding_letters_in_initialisms
Votes/pl-2010-10/Disallowing_certain_appendices
Votes/sy-2010-02/User:Andrew_massyn_for_desysop
Votes/sy-2011-10/User:TAKASUGI_Shinji_for_admin
Votes/sy-2011-12/User:Robin_Lionheart_for_admin
Entry_layout_explained/POS_headers/archive_2005
Frequency_lists/top_2000_German_Wikipedia_words
Languages_with_more_than_one_grammatical_gender
Official_languages_of_the_European_Union_matrix
Project_-_Translation_sharing_between_spellings
Spelling_Variants_in_Entry_Names_-_Draft_Policy
Todo/Entries_containing_obsolete_IPA_characters
Votes/2009-03/User:Razorflame_for_Import_Status
Votes/bt-2009-09/User:Conrad.Bot_to_do_anagrams
Votes/bt-2012-07/User:Bot-Jagwar_for_bot_status
Votes/bt-2012-08/User:GanimalBot_for_bot_status
Votes/pl-2010-01/Renaming_given_name_appendixes
Votes/pl-2010-03/Bolding_letters_in_initialisms
Votes/pl-2010-10/Disallowing_certain_appendices
Combining_Diacritical_Marks_title/documentation
Enclosed_Alphanumeric_Supplement_character_info
Miscellaneous_Symbols_and_Arrows_character_info
bg-adjective_feminine_definite_of/documentation
bg-adjective_neuter_indefinite_of/documentation
bg-adjective_plural_indefinite_of/documentation
charcatboiler/terms_written_in_multiple_scripts
first-person_singular_usage_notes/documentation
grc-cite-Xenophon-Constitution_of_the_Athenians
langrev/Proto-Central-Eastern_Malayo-Polynesian
langrev/Zacatlán-Ahuacatlán-Tepetzintla_Nahuatl
list:administrative_divisions_of_South_Korea/ko
list:cardinals_from_zero_to_forty-nine/mul/Latn
new_en_alternative_capitalization/documentation
topic_cat_description/Australian_rules_football
topic_cat_description/Common_Turkic_derivations
topic_cat_description/East_Germanic_derivations
topic_cat_description/Indo-European_derivations
topic_cat_description/Middle_French_derivations
topic_cat_description/Newfoundland_and_Labrador
topic_cat_description/Old_Provençal_derivations
topic_cat_description/Proto-Oceanic_derivations
topic_cat_description/Proto-Romance_derivations
topic_cat_description/Proto-Semitic_derivations
topic_cat_description/Southern_Tiwa_derivations
topic_cat_description/Tibeto-Burman_derivations
topic_cat_description/West_Germanic_derivations
topic_cat_parents/Sexually_transmitted_diseases
unicode_scripts/Enclosed_CJK_Letters_and_Months
unicode_scripts/Enclosed_Ideographic_Supplement
Abenaki_terms_derived_from_Algonquian_languages
Acehnese_terms_derived_from_Proto-Malayo-Chamic
Adyghe_terms_derived_from_East_Slavic_languages
Afrikaans_terms_derived_from_Germanic_languages
Afrikaans_terms_derived_from_Hellenic_languages
Afrikaans_terms_derived_from_Middle_High_German
Aklanon_terms_derived_from_Philippine_languages
Albanian_terms_by_their_sequences_of_characters
Albanian_terms_derived_from_Canaanite_languages
Albanian_terms_derived_from_Dravidian_languages
Albanian_terms_derived_from_Old_Church_Slavonic
Albanian_terms_derived_from_Proto-Indo-European
Aleut_terms_derived_from_Balto-Slavic_languages
Alune_terms_derived_from_Austronesian_languages
Ancient_Greek_irregular_declension_proper_nouns
Ancient_Greek_terms_derived_from_Middle_Persian
Ancient_Greek_terms_derived_from_Proto-Germanic
Ancient_Greek_terms_derived_from_Proto-Hellenic
Annobonese_terms_derived_from_Romance_languages
Anuta_terms_derived_from_Austronesian_languages
Arabic_form-VIII_verbs_with_ء_as_second_radical
Arabic_form-VIII_verbs_with_و_as_second_radical
Arabic_form-VIII_verbs_with_ي_as_second_radical
Arabic_terms_derived_from_East_Slavic_languages
Aragonese_terms_derived_from_Hellenic_languages
Araki_terms_derived_from_Austronesian_languages
Aramaic_abbreviations,_acronyms_and_initialisms
Aramaic_terms_derived_from_Indo-Aryan_languages
Armenian_terms_by_their_sequences_of_characters
Armenian_terms_derived_from_Anatolian_languages
Armenian_terms_derived_from_Canaanite_languages
Armenian_terms_derived_from_Caucasian_languages
Armenian_terms_derived_from_Proto-Indo-European
Armenian_terms_derived_from_substrate_languages
Aromanian_terms_derived_from_Albanian_languages
Aromanian_terms_derived_from_Hellenic_languages
Arosi_terms_derived_from_Austronesian_languages
Assamese_terms_derived_from_Proto-Indo-European
Asturian_terms_by_their_sequences_of_characters
Asturian_terms_derived_from_Canaanite_languages
Asturian_terms_derived_from_Proto-Indo-European
Avar_terms_derived_from_Indo-European_languages
Aynu_terms_derived_from_Indo-European_languages
Azeri_terms_derived_from_Afro-Asiatic_languages
Azeri_terms_derived_from_Balto-Slavic_languages
Azeri_terms_derived_from_Indo-Iranian_languages
Baba_Malay_terms_derived_from_Malayic_languages
Bactrian_terms_derived_from_Proto-Indo-European
Balinese_terms_by_their_sequences_of_characters
Balinese_terms_derived_from_Proto-Malayo-Chamic
Baluan-Pam_terms_derived_from_Oceanic_languages
Baluchi_terms_derived_from_Indo-Aryan_languages
Banda_terms_derived_from_Austronesian_languages
Banggai_terms_derived_from_Proto-Sunda-Sulawesi
Banjarese_terms_derived_from_Proto-Austronesian
Bashkir_terms_derived_from_Indo-Aryan_languages
Batak_terms_derived_from_Austronesian_languages
Belarusian_adjective_inflection-table_templates
Belarusian_terms_derived_from_Malayic_languages
Belarusian_translations_lacking_transliteration
Bengali_terms_derived_from_Indo-Aryan_languages
Berbice_Creole_Dutch_terms_derived_from_English
Biak_terms_derived_from_Proto-Malayo-Polynesian
Bikol_terms_derived_from_Austronesian_languages
Bilba_terms_derived_from_Austronesian_languages
Bima_terms_derived_from_Malayo-Chamic_languages
Bima_terms_derived_from_Proto-Malayo-Polynesian
Bislama_abbreviations,_acronyms_and_initialisms
Bislama_terms_derived_from_Polynesian_languages
Buginese_terms_by_their_sequences_of_characters
Buginese_terms_derived_from_Proto-Malayo-Chamic
Bulgarian_terms_derived_from_Armenian_languages
Bulgarian_terms_derived_from_Germanic_languages
Bulgarian_terms_derived_from_Hellenic_languages
Bulgarian_terms_derived_from_Proto-Balto-Slavic
Bunun_terms_derived_from_Austronesian_languages
Burmese_terms_derived_from_Indo-Aryan_languages
Burushaski_terms_derived_from_Semitic_languages
Caló_terms_derived_from_Indo-European_languages
Cantonese_terms_derived_from_Germanic_languages
Catalan_abbreviations,_acronyms_and_initialisms
Catalan_terms_derived_from_Ecclesiastical_Latin
Catalan_terms_derived_from_Indo-Aryan_languages
Catalan_terms_derived_from_Kartvelian_languages
Catalan_terms_derived_from_Philippine_languages
Cebuano_terms_derived_from_Philippine_languages
Central_Kurdish_verb_inflection-table_templates
Central_Melanau_terms_derived_from_Vulgar_Latin
Chechen_terms_derived_from_Kartvelian_languages
Chickasaw_terms_derived_from_Germanic_languages
Chru_terms_derived_from_Malayo-Chamic_languages
Chru_terms_derived_from_Proto-Malayo-Polynesian
Cia-Cia_terms_derived_from_Proto-Sunda-Sulawesi
Cimbrian_terms_derived_from_Proto-Indo-European
Classical_Syriac_terms_derived_from_Old_Iranian
Classical_Syriac_terms_derived_from_Old_Persian
Classical_Syriac_terms_with_unknown_etymologies
Cornish_abbreviations,_acronyms_and_initialisms
Corsican_terms_by_their_sequences_of_characters
Crimean_Tatar_terms_derived_from_Middle_Persian
Czech_terms_derived_from_Afro-Asiatic_languages
Czech_terms_derived_from_Austronesian_languages
Czech_terms_derived_from_Balto-Slavic_languages
Czech_terms_derived_from_Eskimo-Aleut_languages
Czech_terms_derived_from_Indo-Iranian_languages
Czech_terms_derived_from_Sino-Tibetan_languages
Czech_terms_derived_from_South_Slavic_languages
Dalmatian_terms_derived_from_Germanic_languages
Dalmatian_terms_derived_from_Hellenic_languages
Danish_terms_derived_from_Benue-Congo_languages
Danish_terms_derived_from_East_Slavic_languages
Danish_terms_derived_from_Finno-Ugric_languages
Danish_terms_derived_from_Niger-Congo_languages
Danish_terms_derived_from_Senegambian_languages
Danish_terms_derived_from_Uto-Aztecan_languages
Danish_terms_derived_from_Volta-Congo_languages
Danish_terms_derived_from_West_Slavic_languages
Danish_terms_derived_from_constructed_languages
Dhivehi_terms_derived_from_Indo-Aryan_languages
Disputed_Interlingua_words_of_Stanley_A._Mulaik
Dobu_terms_derived_from_Proto-Malayo-Polynesian
Dutch_nouns_with_lengthened_vowel_in_the_plural
Dutch_terms_derived_from_Afro-Asiatic_languages
Dutch_terms_derived_from_Austronesian_languages
Dutch_terms_derived_from_Balto-Slavic_languages
Dutch_terms_derived_from_Indo-Iranian_languages
Dutch_terms_derived_from_Sino-Tibetan_languages
Dutch_terms_derived_from_South_Slavic_languages
East_Futuna_terms_derived_from_Proto-Polynesian
Eastern_Cham_terms_derived_from_other_languages
Eastern_Mari_terms_derived_from_other_languages
Egyptian_Arabic_verb_inflection-table_templates
Elfdalian_terms_derived_from_Germanic_languages
Emae_terms_derived_from_Proto-Malayo-Polynesian
Embaloh_terms_derived_from_Proto-South_Sulawesi
Embaloh_terms_derived_from_Proto-Sunda-Sulawesi
Ende_terms_derived_from_Proto-Malayo-Polynesian
English_abbreviations,_acronyms_and_initialisms
English_female_given_names_from_Scottish_Gaelic
English_nouns_with_unknown_or_uncertain_plurals
English_terms_derived_from_Algonquian_languages
English_terms_derived_from_Andamanese_languages
English_terms_derived_from_Araucanian_languages
English_terms_derived_from_Assyrian_Neo-Aramaic
English_terms_derived_from_Athabaskan_languages
English_terms_derived_from_Ecclesiastical_Latin
English_terms_derived_from_Hmong-Mien_languages
English_terms_derived_from_Indo-Aryan_languages
English_terms_derived_from_Kartvelian_languages
English_terms_derived_from_Misumalpan_languages
English_terms_derived_from_Philippine_languages
English_terms_derived_from_Polynesian_languages
English_terms_derived_from_Proto-Sunda-Sulawesi
English_terms_derived_from_Yuin-Kuric_languages
Entries_using_missing_taxonomic_name_(binomial)
Entries_using_missing_taxonomic_name_(division)
Entries_using_missing_taxonomic_name_(obsolete)
Entries_using_missing_taxonomic_name_(subclass)
Entries_using_missing_taxonomic_name_(subgenus)
Entries_using_missing_taxonomic_name_(suborder)
Entries_using_missing_taxonomic_name_(subtribe)
Esperanto_terms_derived_from_Armenian_languages
Esperanto_terms_derived_from_Cushitic_languages
Esperanto_terms_derived_from_Germanic_languages
Esperanto_terms_derived_from_Goidelic_languages
Esperanto_terms_derived_from_Hellenic_languages
Estonian_terms_by_their_sequences_of_characters
Estonian_terms_derived_from_Canaanite_languages
Estonian_terms_derived_from_Proto-Indo-European
Etruscan_terms_derived_from_Canaanite_languages
Etruscan_terms_derived_from_Proto-Indo-European
Extremaduran_terms_derived_from_other_languages
Fala_terms_derived_from_Indo-European_languages
Faroese_abbreviations,_acronyms_and_initialisms
Faroese_terms_derived_from_Indo-Aryan_languages
Faroese_terms_derived_from_Kartvelian_languages
Faroese_terms_derived_from_Polynesian_languages
Fiji_Hindi_terms_derived_from_Oceanic_languages
Fiji_Hindi_terms_derived_from_Semitic_languages
Finnish_abbreviations,_acronyms_and_initialisms
Finnish_terms_derived_from_Indo-Aryan_languages
Finnish_terms_derived_from_Philippine_languages
Finnish_terms_derived_from_Polynesian_languages
Frankish_terms_derived_from_Proto-Indo-European
French_terms_derived_from_Benue-Congo_languages
French_terms_derived_from_East_Slavic_languages
French_terms_derived_from_Finno-Ugric_languages
French_terms_derived_from_Micronesian_languages
French_terms_derived_from_Niger-Congo_languages
French_terms_derived_from_Senegambian_languages
French_terms_derived_from_Uto-Aztecan_languages
French_terms_derived_from_Volta-Congo_languages
French_terms_derived_from_West_Slavic_languages
Friulian_terms_derived_from_Proto-Indo-European
Futuna-Aniwa_terms_derived_from_other_languages
Fwâi_terms_derived_from_Proto-Malayo-Polynesian
Gagauz_terms_derived_from_East_Slavic_languages
Galician_terms_by_their_sequences_of_characters
Galician_terms_derived_from_Canaanite_languages
Galician_terms_derived_from_Dravidian_languages
Galician_terms_derived_from_Proto-Indo-European
Gayo_terms_derived_from_Proto-Malayo-Polynesian
Ge'ez_terms_derived_from_Afro-Asiatic_languages
Gela_terms_derived_from_Proto-Malayo-Polynesian
Georgian_terms_derived_from_Anatolian_languages
Georgian_terms_derived_from_Caucasian_languages
Georgian_terms_derived_from_Proto-Indo-European
German_Low_German_terms_derived_from_Lithuanian
German_terms_derived_from_East_Slavic_languages
German_terms_derived_from_Finno-Ugric_languages
German_terms_derived_from_Micronesian_languages
German_terms_derived_from_Uto-Aztecan_languages
German_terms_derived_from_West_Slavic_languages
Gilbertese_terms_derived_from_Oceanic_languages
Gooniyandi_terms_derived_from_Malayic_languages
Gorontalo_terms_derived_from_Proto-Austronesian
Greek_terms_derived_from_Afro-Asiatic_languages
Greek_terms_derived_from_Austronesian_languages
Greek_terms_derived_from_Balto-Slavic_languages
Greek_terms_derived_from_Indo-Iranian_languages
Greek_terms_derived_from_Sino-Tibetan_languages
Greek_terms_derived_from_South_Slavic_languages
Greek_terms_derived_from_West_Semitic_languages
Greenlandic_terms_derived_from_Eskimo_languages
Greenlandic_terms_derived_from_Italic_languages
Gros_Ventre_terms_derived_from_Proto-Algonquian
Guernésiais_terms_derived_from_Celtic_languages
Guernésiais_terms_derived_from_Italic_languages
Gujarati_terms_derived_from_Proto-Indo-European
Haeke_terms_derived_from_Austronesian_languages
Haitian_Vodoun_Culture_Language_parts_of_speech
Han_characters_from_which_hiragana_were_derived
Han_characters_from_which_katakana_were_derived
Hano_terms_derived_from_Proto-Malayo-Polynesian
Hanunoo_terms_derived_from_Philippine_languages
Haroi_terms_derived_from_Austronesian_languages
Hausa_terms_derived_from_Afro-Asiatic_languages
Hawaiian_terms_by_their_sequences_of_characters
Hawaiian_terms_derived_from_Canaanite_languages
Hebrew_terms_derived_from_East_Slavic_languages
Hiligaynon_terms_derived_from_Malayic_languages
Hiligaynon_terms_derived_from_Oceanic_languages
Hiligaynon_terms_derived_from_Romance_languages
Hindi_terms_derived_from_Afro-Asiatic_languages
Hindi_terms_derived_from_Austronesian_languages
Hindi_terms_derived_from_Balto-Slavic_languages
Hindi_terms_derived_from_Indo-Iranian_languages
Hindi_terms_derived_from_Sino-Tibetan_languages
Hindi_terms_derived_from_West_Semitic_languages
Hiri_Motu_terms_derived_from_Proto-Austronesian
Hungarian_terms_derived_from_Egyptian_languages
Hungarian_terms_derived_from_Germanic_languages
Hungarian_terms_derived_from_Goidelic_languages
Hungarian_terms_derived_from_Hellenic_languages
Hungarian_terms_derived_from_Middle_High_German
Hungarian_terms_derived_from_Mongolic_languages
Hungarian_terms_derived_from_Proto-Indo-Iranian
Hungarian_terms_derived_from_Quechuan_languages
Hungarian_terms_derived_from_Tungusic_languages
Iban_terms_derived_from_Indo-European_languages
Iban_terms_derived_from_Malayo-Chamic_languages
Iban_terms_derived_from_Proto-Malayo-Polynesian
Icelandic_prepositions_that_govern_the_genitive
Icelandic_terms_derived_from_Egyptian_languages
Icelandic_terms_derived_from_Germanic_languages
Icelandic_terms_derived_from_Goidelic_languages
Icelandic_terms_derived_from_Hellenic_languages
Icelandic_terms_derived_from_Quechuan_languages
Ilocano_terms_derived_from_Philippine_languages
Ilongot_terms_derived_from_Philippine_languages
Inari_Sami_terms_derived_from_Proto-Finno-Ugric
Indonesian_terms_derived_from_Aramaic_languages
Indonesian_terms_derived_from_Iranian_languages
Indonesian_terms_derived_from_Malayic_languages
Indonesian_terms_derived_from_Oceanic_languages
Indonesian_terms_derived_from_Romance_languages
Indonesian_terms_derived_from_Semitic_languages
Indonesian_terms_derived_from_Sinitic_languages
Interlingua_terms_derived_from_Italic_languages
Inuktitut_terms_derived_from_Germanic_languages
Irish_terms_derived_from_Afro-Asiatic_languages
Irish_terms_derived_from_Austronesian_languages
Irish_terms_derived_from_Balto-Slavic_languages
Irish_terms_derived_from_Indo-Iranian_languages
Irish_terms_derived_from_Pama-Nyungan_languages
Irish_terms_derived_from_Sino-Tibetan_languages
Irish_terms_derived_from_South_Slavic_languages
Irish_terms_derived_from_West_Semitic_languages
Isnag_terms_derived_from_Austronesian_languages
Istriot_abbreviations,_acronyms_and_initialisms
Italian_abbreviations,_acronyms_and_initialisms
Italian_terms_derived_from_Ecclesiastical_Latin
Italian_terms_derived_from_Indo-Aryan_languages
Italian_terms_derived_from_Philippine_languages
Japanese_terms_derived_from_Proto-Indo-European
Japanese_terms_spelled_with_kanji_read_as_うけたまわ
Japanese_terms_spelled_with_kanji_read_as_こうのとり
Japanese_terms_uncategorized_by_reading_pattern
Jarai_terms_derived_from_Austronesian_languages
Javanese_terms_by_their_sequences_of_characters
Javanese_terms_derived_from_Proto-Malayo-Chamic
Jawe_terms_derived_from_Proto-Malayo-Polynesian
Jersey_Dutch_terms_derived_from_other_languages
Judeo-Arabic_terms_derived_from_other_languages
Jèrriais_terms_derived_from_Brythonic_languages
Jèrriais_terms_derived_from_Canaanite_languages
Jèrriais_terms_derived_from_Old_Northern_French
Jèrriais_terms_derived_from_Proto-Indo-European
Kabuverdianu_terms_derived_from_other_languages
Kaingang_terms_derived_from_Proto-Indo-European
Kankanaey_terms_derived_from_Proto-Austronesian
Kannada_terms_derived_from_Indo-Aryan_languages
Kanuri_terms_derived_from_West_Chadic_languages
Kapampangan_terms_derived_from_Proto-Philippine
Kapingamarangi_terms_derived_from_Proto-Oceanic
Karachay-Balkar_terms_derived_from_Proto-Turkic
Karelian_terms_derived_from_Proto-Indo-European
Karipúna_Creole_French_terms_derived_from_Latin
Karo_Batak_terms_derived_from_Malayic_languages
Kashubian_terms_derived_from_Germanic_languages
Kashubian_terms_derived_from_Proto-Balto-Slavic
Kazakh_terms_derived_from_East_Slavic_languages
Kazakh_terms_derived_from_Niger-Congo_languages
Kazakh_terms_derived_from_Senegambian_languages
Kemak_terms_derived_from_Austronesian_languages
Khanty_terms_derived_from_Finno-Ugric_languages
Khmer_terms_derived_from_Austronesian_languages
Khmer_terms_derived_from_Indo-Iranian_languages
Kildin_Sami_terms_derived_from_Finnic_languages
Kildin_Sami_terms_derived_from_Slavic_languages
Kildin_Sami_terms_derived_from_Uralic_languages
Kimaragang_terms_derived_from_Malayic_languages
Kimaragang_terms_derived_from_Romance_languages
Kimaragang_terms_derived_from_Sinitic_languages
Kiput_terms_derived_from_Austronesian_languages
Kisar_terms_derived_from_Austronesian_languages
Komering_terms_derived_from_Lampungic_languages
Komi-Permyak_terms_derived_from_other_languages
Korean_terms_derived_from_East_Slavic_languages
Korean_terms_derived_from_Finno-Ugric_languages
Korean_terms_derived_from_West_Slavic_languages
Krio_terms_derived_from_Indo-European_languages
Krio_terms_derived_from_West_Germanic_languages
Kriol_terms_derived_from_Austronesian_languages
Kumyk_terms_derived_from_Indo-Iranian_languages
Kuna_terms_derived_from_Indo-European_languages
Kurdish_abbreviations,_acronyms_and_initialisms
Kven_terms_derived_from_Indo-European_languages
Kyrgyz_terms_derived_from_East_Slavic_languages
Kyrgyz_terms_derived_from_Niger-Congo_languages
Kyrgyz_terms_derived_from_Senegambian_languages
Lak_terms_derived_from_Sunda-Sulawesi_languages
Laki_terms_derived_from_Indo-European_languages
Lamaholot_terms_derived_from_Proto-Austronesian
Languages_of_the_British_Indian_Ocean_Territory
Lao_terms_derived_from_Austro-Asiatic_languages
Lao_terms_derived_from_Sunda-Sulawesi_languages
Latgalian_terms_derived_from_Proto-Balto-Slavic
Latin_terms_derived_from_Afro-Asiatic_languages
Latin_terms_derived_from_Austronesian_languages
Latin_terms_derived_from_Balto-Slavic_languages
Latin_terms_derived_from_Indo-Iranian_languages
Latin_terms_derived_from_Sino-Tibetan_languages
Latvian_abbreviations,_acronyms_and_initialisms
Latvian_non-alternating_second_declension_nouns
Latvian_proper_noun_forms_(instrumental_plural)
Latvian_terms_derived_from_Indo-Aryan_languages
Leti_terms_derived_from_Proto-Malayo-Polynesian
Lezgi_terms_derived_from_Afro-Asiatic_languages
Lezgi_terms_derived_from_Balto-Slavic_languages
Ligurian_terms_derived_from_Proto-Indo-European
Limburgish_terms_derived_from_Romance_languages
Lithuanian_adjective_inflection-table_templates
Lithuanian_terms_derived_from_Malayic_languages
Lithuanian_terms_derived_from_Romance_languages
Lithuanian_terms_derived_from_Semitic_languages
Livonian_cardinal_numeral_forms_(plural_dative)
Lojban_terms_derived_from_East_Slavic_languages
Lombard_terms_derived_from_Indo-Aryan_languages
Lombardic_terms_derived_from_Germanic_languages
Lotud_terms_derived_from_Austronesian_languages
Low_German_adjective_inflection-table_templates
Low_German_terms_derived_from_Middle_Low_German
Low_German_terms_derived_from_Romance_languages
Lower_Sorbian_terms_derived_from_Medieval_Latin
Lower_Sorbian_terms_derived_from_Proto-Germanic
Lule_Sami_terms_derived_from_Germanic_languages
Lusi_terms_derived_from_Proto-Malayo-Polynesian
Luxembourgish_terms_derived_from_Middle_Persian
Luxembourgish_terms_derived_from_Proto-Germanic
Macedonian_adjective_inflection-table_templates
Macedonian_terms_derived_from_Iranian_languages
Macedonian_terms_derived_from_Japonic_languages
Macedonian_terms_derived_from_Romance_languages
Macedonian_terms_derived_from_Semitic_languages
Macedonian_terms_derived_from_Sinitic_languages
Macedonian_translations_lacking_transliteration
Makasar_terms_derived_from_Proto-South_Sulawesi
Makasar_terms_derived_from_Proto-Sunda-Sulawesi
Malagasy_terms_derived_from_Proto-Malayo-Chamic
Malay_terms_derived_from_Afro-Asiatic_languages
Malay_terms_derived_from_Austronesian_languages
Malay_terms_derived_from_Balto-Slavic_languages
Malay_terms_derived_from_Indo-Iranian_languages
Malay_terms_derived_from_Pama-Nyungan_languages
Malay_terms_derived_from_Sino-Tibetan_languages
Maltese_terms_derived_from_Indo-Aryan_languages
Manam_terms_derived_from_Austronesian_languages
Mandarin_colloquial_terms_in_traditional_script
Mandarin_terms_derived_from_Canaanite_languages
Mandarin_terms_derived_from_Proto-Indo-European
Mandarin_terms_derived_from_Tocharian_languages
Mangarevan_terms_derived_from_Oceanic_languages
Manggarai_terms_derived_from_Proto-Austronesian
Mansaka_terms_derived_from_Philippine_languages
Manx_terms_derived_from_Indo-European_languages
Manx_terms_derived_from_West_Germanic_languages
Maori_terms_derived_from_Austronesian_languages
Mapudungun_terms_derived_from_Romance_languages
Maranao_terms_derived_from_Philippine_languages
Marathi_terms_derived_from_Indo-Aryan_languages
Marshallese_terms_derived_from_Arabic_languages
Marshallese_terms_derived_from_Italic_languages
Martuthunira_terms_derived_from_other_languages
Middle_Armenian_terms_derived_from_Old_Armenian
Middle_Dutch_terms_derived_from_other_languages
Middle_English_terms_derived_from_Ancient_Greek
Middle_English_terms_derived_from_Middle_French
Middle_French_terms_derived_from_Medieval_Latin
Middle_French_terms_derived_from_Middle_English
Middle_French_terms_derived_from_Proto-Germanic
Middle_High_German_terms_with_incomplete_gender
Middle_Irish_terms_derived_from_other_languages
Middle_Persian_terms_derived_from_Ancient_Greek
Middle_Persian_terms_derived_from_Proto-Iranian
Middle_Welsh_terms_derived_from_other_languages
Mingrelian_terms_derived_from_Iranian_languages
Mirandese_terms_derived_from_Hellenic_languages
Mobilian_terms_derived_from_Muskogean_languages
Moksha_terms_derived_from_Finno-Ugric_languages
Mon_terms_derived_from_Austro-Asiatic_languages
Mongolian_terms_derived_from_Germanic_languages
Mongolian_terms_derived_from_Hellenic_languages
Mongolian_terms_derived_from_Mongolic_languages
Mongondow_terms_derived_from_Proto-Austronesian
Moronene_terms_derived_from_Proto-Bungku-Tolaki
Motu_terms_derived_from_Proto-Malayo-Polynesian
Muna_terms_derived_from_Proto-Malayo-Polynesian
Mussau-Emira_terms_derived_from_other_languages
Nalca_terms_derived_from_Austronesian_languages
Nauna_terms_derived_from_Austronesian_languages
Navajo_terms_derived_from_Benue-Congo_languages
Navajo_terms_derived_from_Niger-Congo_languages
Navajo_terms_derived_from_Uto-Aztecan_languages
Neapolitan_terms_derived_from_Romance_languages
Nemi_terms_derived_from_Proto-Malayo-Polynesian
Ngaju_terms_derived_from_Austronesian_languages
Nias_terms_derived_from_Malayo-Chamic_languages
Nias_terms_derived_from_Proto-Malayo-Polynesian
Non-Tōyō_characters_replaced_by_Tōyō_characters
Norn_terms_derived_from_Indo-European_languages
North_Frisian_terms_derived_from_Proto-Germanic
Northern_Roglai_terms_derived_from_Proto-Chamic
Northern_Sami_terms_derived_from_Proto-Germanic
Northern_Sami_terms_derived_from_Sami_languages
Norwegian_Bokmål_terms_derived_from_Proto-Norse
Norwegian_Nynorsk_terms_derived_from_Old_French
Norwegian_Nynorsk_terms_derived_from_Portuguese
Norwegian_terms_derived_from_Germanic_languages
Norwegian_terms_derived_from_Hellenic_languages
Norwegian_terms_derived_from_Middle_High_German
Nukuoro_terms_derived_from_Polynesian_languages
Old_Armenian_terms_derived_from_Byzantine_Greek
Old_Armenian_terms_derived_from_Old_High_German
Old_Armenian_terms_derived_from_other_languages
Old_Catalan_terms_derived_from_Italic_languages
Old_Church_Slavonic_terms_needing_native_script
Old_Dutch_terms_derived_from_Germanic_languages
Old_East_Slavic_terms_derived_from_Proto-Slavic
Old_English_terms_derived_from_Celtic_languages
Old_English_terms_derived_from_Italic_languages
Old_English_terms_derived_from_Uralic_languages
Old_French_terms_derived_from_Aramaic_languages
Old_French_terms_derived_from_Iranian_languages
Old_French_terms_derived_from_Romance_languages
Old_French_terms_derived_from_Semitic_languages
Old_Georgian_terms_derived_from_other_languages
Old_High_German_noun_inflection-table_templates
Old_High_German_terms_derived_from_Proto-Celtic
Old_High_German_verb_inflection-table_templates
Old_Irish_terms_derived_from_Germanic_languages
Old_Irish_terms_derived_from_Goidelic_languages
Old_Irish_terms_derived_from_Hellenic_languages
Old_Javanese_terms_derived_from_other_languages
Old_Norse_terms_derived_from_Egyptian_languages
Old_Norse_terms_derived_from_Germanic_languages
Old_Norse_terms_derived_from_Goidelic_languages
Old_Norse_terms_derived_from_Hellenic_languages
Old_Portuguese_terms_derived_from_Ancient_Greek
Old_Portuguese_terms_derived_from_Old_Provençal
Old_Provençal_terms_derived_from_Medieval_Latin
Old_Provençal_terms_derived_from_Proto-Germanic
Old_Prussian_terms_derived_from_other_languages
Old_Saxon_terms_derived_from_Germanic_languages
Old_Saxon_terms_derived_from_Hellenic_languages
Old_Spanish_terms_derived_from_Italic_languages
Onin_terms_derived_from_Proto-Malayo-Polynesian
Ontong_Java_terms_derived_from_Proto-Polynesian
Oriya_terms_derived_from_Indo-Iranian_languages
Ossetian_terms_derived_from_Caucasian_languages
Ossetian_terms_derived_from_Old_Church_Slavonic
Ossetian_terms_derived_from_Proto-Indo-European
Ottoman_Turkish_noun_inflection-table_templates
Ottoman_Turkish_terms_derived_from_Proto-Turkic
Padoe_terms_derived_from_Austronesian_languages
Palenquero_terms_derived_from_Bantoid_languages
Palenquero_terms_derived_from_Romance_languages
Pali_terms_derived_from_Indo-European_languages
Pangasinan_terms_derived_from_Romance_languages
Papiamentu_terms_derived_from_Romance_languages
Penrhyn_terms_derived_from_Polynesian_languages
Persian_abbreviations,_acronyms_and_initialisms
Persian_terms_derived_from_Indo-Aryan_languages
Phoenician_terms_derived_from_Semitic_languages
Phrygian_terms_derived_from_Proto-Indo-European
Piedmontese_terms_derived_from_Italic_languages
Pije_terms_derived_from_Proto-Malayo-Polynesian
Pijin_terms_derived_from_Austronesian_languages
Pite_Sami_terms_derived_from_Germanic_languages
Plautdietsch_terms_derived_from_other_languages
Pohnpeian_terms_derived_from_Proto-Austronesian
Polabian_terms_derived_from_Proto-Indo-European
Polish_terms_derived_from_East_Slavic_languages
Polish_terms_derived_from_Finno-Ugric_languages
Polish_terms_derived_from_Niger-Congo_languages
Polish_terms_derived_from_Senegambian_languages
Polish_terms_derived_from_Uto-Aztecan_languages
Polish_terms_derived_from_West_Slavic_languages
Portuguese_terms_by_their_individual_characters
Portuguese_terms_derived_from_Andalusian_Arabic
Portuguese_terms_derived_from_Aramaic_languages
Portuguese_terms_derived_from_Bantoid_languages
Portuguese_terms_derived_from_Cariban_languages
Portuguese_terms_derived_from_Classical_Nahuatl
Portuguese_terms_derived_from_Iranian_languages
Portuguese_terms_derived_from_Japonic_languages
Portuguese_terms_derived_from_Malayic_languages
Portuguese_terms_derived_from_Oceanic_languages
Portuguese_terms_derived_from_Prakrit_languages
Portuguese_terms_derived_from_Romance_languages
Portuguese_terms_derived_from_Semitic_languages
Portuguese_terms_derived_from_Sinitic_languages
Primitive_Irish_terms_derived_from_Proto-Celtic
Pronunciation_templates_without_a_pronunciation
Proto-Algonquian_terms_derived_from_Proto-Algic
Proto-Brythonic_terms_derived_from_Proto-Celtic
Proto-Celtic_terms_derived_from_other_languages
Proto-Central_Malayo-Polynesian_parts_of_speech
Proto-Eastern_Malayo-Polynesian_parts_of_speech
Proto-Finnic_nominal_inflection-table_templates
Proto-Finnic_terms_derived_from_other_languages
Proto-Germanic_terms_derived_from_Ancient_Greek
Proto-Italic_pronoun_inflection-table_templates
Proto-Italic_terms_derived_from_other_languages
Proto-Malayo-Polynesian_terms_needing_attention
Proto-Slavic_pronoun_inflection-table_templates
Proto-Slavic_terms_derived_from_Old_High_German
Proto-Slavic_terms_derived_from_other_languages
Proto-Western_Malayo-Polynesian_parts_of_speech
Pumpokol_terms_derived_from_Yeniseian_languages
Punic_terms_derived_from_Afro-Asiatic_languages
Punjabi_terms_derived_from_Indo-Aryan_languages
Quiripi_terms_derived_from_Algonquian_languages
Quotations_using_archiveurl_without_archivedate
Rade_terms_derived_from_Malayo-Chamic_languages
Rade_terms_derived_from_Proto-Malayo-Polynesian
Rajasthani_terms_derived_from_Aramaic_languages
Rajasthani_terms_derived_from_Iranian_languages
Rajasthani_terms_derived_from_Semitic_languages
Rajasthani_terms_derived_from_Sinitic_languages
Rarotongan_terms_derived_from_Oceanic_languages
Rejang_Kayan_terms_derived_from_other_languages
Rembong_terms_derived_from_Proto-Sunda-Sulawesi
Rennellese_terms_derived_from_Oceanic_languages
Requests_for_etymology_(American_Sign_Language)
Requests_for_pronunciation_(Lingua_Franca_Nova)
Rohingya_terms_by_their_sequences_of_characters
Romagnol_terms_derived_from_Proto-Indo-European
Romanian_terms_by_their_sequences_of_characters
Romanian_terms_derived_from_Canaanite_languages
Romanian_terms_derived_from_Old_Church_Slavonic
Romanian_terms_derived_from_Proto-Indo-European
Romanian_terms_derived_from_substrate_languages
Romansch_terms_by_their_sequences_of_characters
Romansch_terms_derived_from_Proto-Indo-European
Roro_terms_derived_from_Proto-Malayo-Polynesian
Rotuman_terms_derived_from_Polynesian_languages
Rukai_terms_derived_from_Austronesian_languages
Russian_abbreviations,_acronyms_and_initialisms
Russian_terms_derived_from_Indo-Aryan_languages
Russian_terms_derived_from_Kartvelian_languages
Rusyn_terms_derived_from_Balto-Slavic_languages
Réunion_Creole_French_terms_derived_from_French
Sabah_Bisaya_terms_derived_from_other_languages
Sabu_terms_derived_from_Proto-Malayo-Polynesian
Sanskrit_terms_derived_from_Dravidian_languages
Sanskrit_terms_derived_from_Proto-Indo-European
Santali_terms_derived_from_Indo-Aryan_languages
Santali_terms_derived_from_Proto-Austro-Asiatic
Sasak_terms_derived_from_Austronesian_languages
Scots_terms_derived_from_Afro-Asiatic_languages
Scots_terms_derived_from_West_Semitic_languages
Scottish_Gaelic_terms_derived_from_Anglo-Norman
Scottish_Gaelic_terms_derived_from_Middle_Irish
Scottish_Gaelic_terms_derived_from_Proto-Celtic
Sekar_terms_derived_from_Austronesian_languages
Serbo-Croatian_terms_derived_from_Ancient_Greek
Serbo-Croatian_terms_derived_from_Proto-Semitic
Seri_terms_derived_from_Indo-European_languages
Shan_terms_derived_from_Indo-European_languages
Sicilian_terms_by_their_sequences_of_characters
Sicilian_terms_derived_from_Proto-Indo-European
Sika_terms_derived_from_Malayo-Chamic_languages
Sika_terms_derived_from_Proto-Malayo-Polynesian
Sinhalese_terms_derived_from_Proto-Indo-Iranian
Skolt_Sami_terms_derived_from_Iranian_languages
Skolt_Sami_terms_derived_from_Proto-Finno-Ugric
Skolt_Sami_terms_derived_from_Romance_languages
Slovak_terms_derived_from_East_Slavic_languages
Slovak_terms_derived_from_Finno-Ugric_languages
Slovak_terms_derived_from_Niger-Congo_languages
Slovak_terms_derived_from_Senegambian_languages
Slovak_terms_derived_from_Uto-Aztecan_languages
Slovak_terms_derived_from_West_Slavic_languages
Slovene_abbreviations,_acronyms_and_initialisms
Slovene_terms_derived_from_Indo-Aryan_languages
South_Picene_terms_derived_from_other_languages
Southern_Sami_terms_derived_from_Proto-Germanic
Southern_Sami_terms_derived_from_Sami_languages
Spanish_abbreviations,_acronyms_and_initialisms
Spanish_male_given_names_from_Classical_Nahuatl
Spanish_terms_derived_from_Algonquian_languages
Spanish_terms_derived_from_Araucanian_languages
Spanish_terms_derived_from_Ecclesiastical_Latin
Spanish_terms_derived_from_Indo-Aryan_languages
Spanish_terms_derived_from_Philippine_languages
Spanish_terms_derived_from_Polynesian_languages
Spanish_terms_derived_from_Yuin-Kuric_languages
Spanish_verbs_ending_in_-ar_(conjugation_-guar)
Spanish_verbs_ending_in_-ar_(conjugation_-izar)
Spanish_verbs_ending_in_-ar_(conjugation_errar)
Spanish_verbs_ending_in_-er_(conjugation_caber)
Spanish_verbs_ending_in_-er_(conjugation_hacer)
Spanish_verbs_ending_in_-er_(conjugation_poner)
Spanish_verbs_ending_in_-er_(conjugation_saber)
Spanish_verbs_ending_in_-er_(conjugation_tener)
Spanish_verbs_ending_in_-er_(conjugation_traer)
Spanish_verbs_ending_in_-er_(conjugation_valer)
Spanish_verbs_ending_in_-ir_(conjugation_-egir)
Spanish_verbs_ending_in_-ir_(conjugation_-guir)
Spanish_verbs_ending_in_-ir_(conjugation_-quir)
Spanish_verbs_ending_in_-ir_(conjugation_decir)
Spanish_verbs_ending_in_-ir_(conjugation_salir)
Spanish_verbs_ending_in_-ir_(conjugation_venir)
Species_entries_using_missing_specific_epithets
Sranan_Tongo_terms_derived_from_other_languages
Sumbawa_terms_derived_from_Proto-Sunda-Sulawesi
Sundanese_terms_derived_from_Proto-Austronesian
Svan_terms_derived_from_Indo-European_languages
Swahili_abbreviations,_acronyms_and_initialisms
Swahili_terms_derived_from_Indo-Aryan_languages
Swedish_abbreviations,_acronyms_and_initialisms
Swedish_terms_derived_from_Indo-Aryan_languages
Tabasaran_terms_derived_from_Armenian_languages
Tae'_terms_derived_from_Malayo-Chamic_languages
Tae'_terms_derived_from_Proto-Malayo-Polynesian
Tagalog_abbreviations,_acronyms_and_initialisms
Tagalog_terms_derived_from_Indo-Aryan_languages
Tagalog_terms_derived_from_Philippine_languages
Tahitian_terms_by_their_sequences_of_characters
Tajik_terms_derived_from_Afro-Asiatic_languages
Tajik_terms_derived_from_Balto-Slavic_languages
Tajik_terms_derived_from_Indo-Iranian_languages
Tajik_terms_derived_from_Sino-Tibetan_languages
Takuu_terms_derived_from_Austronesian_languages
Tamil_terms_derived_from_Austronesian_languages
Tamil_terms_derived_from_Indo-Iranian_languages
Taos_terms_derived_from_Indo-European_languages
Taos_terms_derived_from_West_Germanic_languages
Tatar_terms_derived_from_Afro-Asiatic_languages
Tatar_terms_derived_from_Balto-Slavic_languages
Tatar_terms_derived_from_Indo-Iranian_languages
Tboli_terms_derived_from_Austronesian_languages
Telugu_terms_derived_from_Benue-Congo_languages
Telugu_terms_derived_from_Niger-Congo_languages
Telugu_terms_derived_from_Volta-Congo_languages
Terms_derived_from_Borneo-Philippines_languages
Terms_derived_from_Proto-Halmahera-Cenderawasih
Tetum_terms_derived_from_Austronesian_languages
Thai_terms_derived_from_Indo-European_languages
Thai_terms_derived_from_Malayo-Chamic_languages
Thai_terms_derived_from_Tibeto-Burman_languages
Thai_terms_derived_from_West_Germanic_languages
Tibetan_terms_derived_from_Indo-Aryan_languages
Tigre_terms_derived_from_Afro-Asiatic_languages
Tikopia_terms_derived_from_Polynesian_languages
Tiruray_terms_derived_from_Philippine_languages
To'abaita_terms_derived_from_Proto-Austronesian
Toba_Batak_terms_derived_from_Malayic_languages
Tok_Pisin_terms_derived_from_Germanic_languages
Tok_Pisin_terms_derived_from_Proto-Austronesian
Tokelauan_terms_derived_from_Proto-Austronesian
Tolai_terms_derived_from_Austronesian_languages
Tomadino_terms_derived_from_Proto-Bungku-Tolaki
Torres_Strait_Creole_terms_derived_from_English
Torres_Strait_Creole_terms_derived_from_Tagalog
Translations_of_example_sentences_to_be_checked
Translations_to_be_checked_(Alabat_Island_Agta)
Translations_to_be_checked_(Central_Tarahumara)
Translations_to_be_checked_(Middle_High_German)
Translations_to_be_checked_(Southwest_Palawano)
Translations_to_be_checked_(Villa_Viciosa_Agta)
Translingual_terms_derived_from_other_languages
Transliterations_of_East_Slavic_languages_terms
Tsat_terms_derived_from_Malayo-Chamic_languages
Tsat_terms_derived_from_Proto-Malayo-Polynesian
Tswana_terms_derived_from_Benue-Congo_languages
Tswana_terms_derived_from_Niger-Congo_languages
Tswana_terms_derived_from_Volta-Congo_languages
Tuamotuan_terms_derived_from_Proto-Austronesian
Tulu_terms_derived_from_Indo-European_languages
Tulu_terms_derived_from_West_Germanic_languages
Tunisian_Arabic_verb_inflection-table_templates
Turkish_abbreviations,_acronyms_and_initialisms
Turkish_second-person_singular_possessive_forms
Turkish_terms_derived_from_Indo-Aryan_languages
Turkish_terms_derived_from_Kartvelian_languages
Tuvaluan_terms_by_their_sequences_of_characters
Uab_Meto_terms_by_their_sequences_of_characters
Ukrainian_terms_derived_from_Germanic_languages
Ukrainian_terms_derived_from_Hellenic_languages
Ukrainian_terms_derived_from_Proto-Balto-Slavic
Unserdeutsch_terms_derived_from_other_languages
Upper_Sorbian_terms_derived_from_Proto-Germanic
Urdu_terms_derived_from_Indo-European_languages
Urdu_terms_derived_from_Malayo-Chamic_languages
Urdu_terms_derived_from_West_Germanic_languages
Uyghur_terms_derived_from_East_Slavic_languages
Uzbek_terms_derived_from_Afro-Asiatic_languages
Uzbek_terms_derived_from_Balto-Slavic_languages
Uzbek_terms_derived_from_Indo-Iranian_languages
Vandalic_terms_derived_from_Proto-Indo-European
Venetian_terms_by_their_sequences_of_characters
Venetian_terms_derived_from_Canaanite_languages
Venetian_terms_derived_from_Proto-Indo-European
Veps_terms_derived_from_Indo-European_languages
Vietnamese_terms_derived_from_Japonic_languages
Vietnamese_terms_derived_from_Malayic_languages
Vietnamese_terms_derived_from_Romance_languages
Vietnamese_terms_derived_from_Sinitic_languages
Vilamovian_terms_derived_from_Romance_languages
Volapük_abbreviations,_acronyms_and_initialisms
Votic_terms_derived_from_Balto-Slavic_languages
Vurës_terms_derived_from_Austronesian_languages
Wallisian_terms_derived_from_Proto-Austronesian
Waray-Waray_terms_derived_from_Proto-Philippine
Welsh_terms_derived_from_Afro-Asiatic_languages
West_Flemish_terms_derived_from_other_languages
West_Frisian_terms_derived_from_other_languages
Western_Cham_terms_derived_from_other_languages
Western_Mari_terms_derived_from_other_languages
White_Hmong_terms_derived_from_Proto-Hmong-Mien
Wiradhuri_terms_derived_from_Germanic_languages
Wolio_terms_derived_from_Austronesian_languages
Wolof_terms_derived_from_Afro-Asiatic_languages
Wolof_terms_derived_from_West_Semitic_languages
Wuvulu-Aua_terms_derived_from_Oceanic_languages
Yakan_terms_derived_from_Austronesian_languages
Yakut_terms_derived_from_Balto-Slavic_languages
Yami_terms_derived_from_Proto-Malayo-Polynesian
Yiddish_abbreviations,_acronyms_and_initialisms
Yola_terms_derived_from_Indo-European_languages
Yola_terms_derived_from_West_Germanic_languages
Yuaga_terms_derived_from_Austronesian_languages
Yucatec_Maya_terms_derived_from_other_languages
Yup'ik_terms_derived_from_East_Slavic_languages
Zazaki_terms_derived_from_East_Slavic_languages
Zulu_terms_derived_from_Indo-European_languages
Zulu_terms_derived_from_West_Germanic_languages
cmn:Intermediate_Mandarin_in_traditional_script
cmn:Variant_Pronunciations_in_simplified_script
ǃXóõ_terms_derived_from_Indo-European_languages
ǃXóõ_terms_derived_from_West_Germanic_languages
English_abbreviations,_acronyms_and_initialisms
Han_characters_from_which_hiragana_were_derived
Pronunciations_wildly_different_across_the_pond
Species_entries_using_missing_specific_epithets
Translations_to_be_checked_(Chinese_Characters)
Translations_to_be_checked_(Chinese_characters)
Vietnamese_terms_derived_from_Sinitic_languages
cmn:Variant_Pronunciations_in_simplified_script
User_talk:Bequw/2009-08_traffic_stats.png/reply
User_talk:Bequw/A_morphology_template/reply_(2)
User_talk:Bequw/Show_replies_not_working_for_me
User_talk:CodeCat/Adding_context_by_a_bot/reply
User_talk:CodeCat/Appendix:Proto-Slavic/boljьjь
User_talk:CodeCat/Category:term_cleanup/with_sc
User_talk:CodeCat/Category_problems_again/reply
User_talk:CodeCat/Changes_to_Module:links/reply
User_talk:CodeCat/Characters_to_strip/reply_(2)
User_talk:CodeCat/Characters_to_strip/reply_(3)
User_talk:CodeCat/Characters_to_strip/reply_(4)
User_talk:CodeCat/Characters_to_strip/reply_(5)
User_talk:CodeCat/Characters_to_strip/reply_(6)
User_talk:CodeCat/Characters_to_strip/reply_(7)
User_talk:CodeCat/Characters_to_strip/reply_(8)
User_talk:CodeCat/Characters_to_strip/reply_(9)
User_talk:CodeCat/Creating_a_userpage/reply_(2)
User_talk:CodeCat/Creating_a_userpage/reply_(3)
User_talk:CodeCat/Delete_paletear_article/reply
User_talk:CodeCat/Don't_delete_templates./reply
User_talk:CodeCat/Gelukkig_nieuw_jaar!_:)/reply
User_talk:CodeCat/Inflection_template/reply_(2)
User_talk:CodeCat/Inflection_template/reply_(3)
User_talk:CodeCat/Inflection_template/reply_(4)
User_talk:CodeCat/Inflection_template/reply_(5)
User_talk:CodeCat/Inflection_template/reply_(6)
User_talk:CodeCat/Inflection_template/reply_(7)
User_talk:CodeCat/Inflection_template/reply_(8)
User_talk:CodeCat/Inflection_template/reply_(9)
User_talk:CodeCat/Inflectobot_request/reply_(2)
User_talk:CodeCat/Inflectobot_request/reply_(3)
User_talk:CodeCat/Inflectobot_request/reply_(4)
User_talk:CodeCat/Latvian_color_terms/reply_(2)
User_talk:CodeCat/Latvian_color_terms/reply_(3)
User_talk:CodeCat/Latvian_color_terms/reply_(4)
User_talk:CodeCat/Latvian_color_terms/reply_(5)
User_talk:CodeCat/Latvian_color_terms/reply_(6)
User_talk:CodeCat/Latvian_color_terms/reply_(7)
User_talk:CodeCat/Latvian_color_terms/reply_(8)
User_talk:CodeCat/Latvian_color_terms/reply_(9)
User_talk:CodeCat/Luaising_a_template/reply_(2)
User_talk:CodeCat/Luaising_a_template/reply_(3)
User_talk:CodeCat/Luaising_a_template/reply_(4)
User_talk:CodeCat/Mass_edits_of_templates/reply
User_talk:CodeCat/Minor_edits_revoked/reply_(2)
User_talk:CodeCat/Minor_edits_revoked/reply_(3)
User_talk:CodeCat/Module:script_utilities/reply
User_talk:CodeCat/Module:scripts/tempdata/reply
User_talk:CodeCat/OE_Declension_Templates/reply
User_talk:CodeCat/Old_Norse_pronunciation/reply
User_talk:CodeCat/PGmc_prepositions_and_adverbs
User_talk:CodeCat/Postalveolar_sounds/reply_(2)
User_talk:CodeCat/Postalveolar_sounds/reply_(3)
User_talk:CodeCat/Postalveolar_sounds/reply_(4)
User_talk:CodeCat/Postalveolar_sounds/reply_(5)
User_talk:CodeCat/Proto-Indo-European/reply_(2)
User_talk:CodeCat/Proto-Indo-European/reply_(3)
User_talk:CodeCat/Proto-Indo-European/reply_(4)
User_talk:CodeCat/Proto-Indo-European/reply_(5)
User_talk:CodeCat/Proto-Indo-European/reply_(6)
User_talk:CodeCat/Proto-Indo-European/reply_(7)
User_talk:CodeCat/Proto-Indo-European/reply_(8)
User_talk:CodeCat/Proto-Indo-European/reply_(9)
User_talk:CodeCat/Raw_links_in_Template:ga-noun
User_talk:CodeCat/Re:_Deprecated_template/reply
User_talk:CodeCat/Regional_context_labels/reply
User_talk:CodeCat/Sort_codes_inside_proto/reply
User_talk:CodeCat/Sort_order_in_Czech/reply_(2)
User_talk:CodeCat/Sort_order_in_Czech/reply_(3)
User_talk:CodeCat/Special:Contributions/Espreon
User_talk:CodeCat/Template:fi-form_of/reply_(2)
User_talk:CodeCat/Template:sisterprojects/reply
User_talk:CodeCat/Thracian_*aphinos_or_*ephinos
User_talk:CodeCat/Two_tracking_categories/reply
User_talk:CodeCat/_nl-decl-determiner/reply_(2)
User_talk:CodeCat/_nl-decl-determiner/reply_(3)
User_talk:CodeCat/_nl-decl-determiner/reply_(4)
User_talk:CodeCat/_nl-decl-determiner/reply_(5)
User_talk:CodeCat/_nl-decl-determiner/reply_(6)
User_talk:CodeCat/_nl-decl-determiner/reply_(7)
User_talk:CodeCat/alternative_form_of/reply_(2)
User_talk:CodeCat/cathode_(latest_change)/reply
User_talk:CodeCat/la-noun_strangeness/reply_(2)
User_talk:CodeCat/påse_transcription._Valid_IPA
User_talk:CodeCat/template:de-proper_noun/reply
User_talk:CodeCat/the_new_version_of_langprefix
User_talk:CodeCat/there_be_and_Dutch_and_German
User_talk:Internoob/Bodhipathapradīpa/reply_(2)
User_talk:Internoob/Bodhipathapradīpa/reply_(3)
User_talk:Internoob/Bodhipathapradīpa/reply_(4)
User_talk:Internoob/Bodhipathapradīpa/reply_(5)
User_talk:Internoob/Bodhipathapradīpa/reply_(6)
User_talk:Internoob/Template:cardinal/reply_(2)
User_talk:Internoob/Template:cardinal/reply_(3)
User_talk:Internoob/Template:cardinal/reply_(4)
User_talk:Internoob/developer_program/reply_(2)
User_talk:Internoob/developer_program/reply_(3)
User_talk:Internoob/developer_program/reply_(4)
User_talk:Internoob/developer_program/reply_(5)
User_talk:LA2/'bare'_ISO_639_template/reply_(2)
User_talk:Leolaursen/_Christadelphian/reply_(2)
User_talk:Leolaursen/_Christadelphian/reply_(3)
User_talk:Leolaursen/_Christadelphian/reply_(4)
User_talk:Leolaursen/_Christadelphian/reply_(5)
User_talk:TheDaveRoss/Hindi_searches/reply_(10)
User_talk:TheDaveRoss/Hindi_searches/reply_(11)
User_talk:TheDaveRoss/Hindi_searches/reply_(12)
User_talk:TheDaveRoss/Hindi_searches/reply_(13)
User_talk:Yair_rand/Derivation_categories/reply
User_talk:Yair_rand/Inquiry_about_edit_patrolls
User_talk:Yair_rand/New_entry_wizards/reply_(2)
User_talk:Yair_rand/The_first_parameter_of_infl
User_talk:Yair_rand/Wiktionary_Mobile/reply_(2)
User_talk:Yair_rand/newentrywiz.js/Wikicode_(2)
User_talk:Yair_rand/newentrywiz.js/edit_summary
User_talk:Yair_rand/re:_Imported_Malagasy_words
Wiktionary:LiquidThreads_testing/Testing..._(2)
Wiktionary:Sandbox/getting_rid_of_LQT/reply_(2)
Comparison_of_hiragana_and_katakana_derivations
Glossary_of_collective_nouns_by_collective_term
Harry_Potter/Draco_Dormiens_Nunquam_Titillandus
List_of_protologisms/Long_words/Titin/etymology
List_of_words_ending_in_"-vorous"_and_"phagous"
Medical_prefixes,_suffixes,_and_combining_forms
Official_languages_of_the_European_Union_matrix
Old,_declining_or_expired_Australian_vocabulary
Proto-Central-Eastern_Malayo-Polynesian/(w)akaʀ
Proto-Central-Eastern_Malayo-Polynesian/ta-waji
Unicode/CJK_Compatibility_Ideographs_Supplement
Unicode/CJK_Unified_Ideographs_Extension_A/3400
Unicode/CJK_Unified_Ideographs_Extension_A/4000
Unicode/Combining_Diacritical_Marks_for_Symbols
Glossary_of_collective_nouns_by_collective_term
Medical_prefixes,_suffixes,_and_combining_forms
Official_languages_of_the_European_Union_matrix
great-great-great-great-great-great-grandfather
great-great-great-great-great-great-grandmother
great-great-great-great-great-great-grandparent
great_great_great_great_great_great_grandfather
great_great_great_great_great_great_grandmother
great_great_great_great_great_great_grandparent
Template:Dokumentasjonsprosjektet/documentation