5@NearCheek-PalmBack_RoundVert_OpenA@NearJaw-PalmBack
5@SideForheadhigh-PalmDown_5@SideForheadhigh-PalmDown
Dienvidslāvijas_Sociālistiskās_Federatīvās_Republikas
General_Responsibility_Assignment_Software_Principles
Laanaa_yáʼátʼéehgo_Késhmish,_nił_hózhǫ́ǫgo_chʼídoohąh
Myöhempien_Aikojen_Pyhien_Jeesuksen_Kristuksen_Kirkko
Nahasdzáán_Bikáaʼgi_Kéyah_Naaznilgo_Ałhidadiidzooígíí
Vareinigts_Kinireich_vó_Großbritannien_und_Nordirland
a_hazug_embert_hamarabb_utolérik,_mint_a_sánta_kutyát
better_the_devil_you_know_than_the_one_you_don't_know
catecholaminergic_polymorphic_ventricular_tachycardia
eine_Kette_ist_nur_so_stark_wie_ihr_schwächstes_Glied
great-great-great-great-great-great-great-grandfather
great-great-great-great-great-great-great-grandmother
great-great-great-great-great-great-great-grandparent
great_great_great_great_great_great_great_grandfather
great_great_great_great_great_great_great_grandmother
great_great_great_great_great_great_great_grandparent
græsset_er_altid_grønnere_på_den_anden_side_af_hækken
ha_a_hegy_nem_megy_Mohamedhez,_Mohamed_megy_a_hegyhez
non_vendere_la_pelle_dell'orso_prima_di_averlo_ucciso
non_vendere_la_pelle_dell’orso_prima_di_averlo_ucciso
the_screwing_you_get_isn't_worth_the_screwing_you_get
you_can_catch_more_flies_with_honey_than_with_vinegar
коробка_двойного_ручного_управления_силовой_передачей
Սովետական_Սոցիալիստական_Հանրապետությունների_Միություն
5@NearCheek-PalmBack_RoundVert_OpenA@NearJaw-PalmBack
Nahasdzáán_Bikáaʼgi_Kéyah_Naaznilgo_Ałhidadiidzooígíí
Darkdadaah/Lists/Templates_calling_language_templates
Dixtosa/An_adventurous_mission_of_getting_GED_here_xD
HippieBot/Entries_in_Encarta_online_not_in_Wiktionary
Hippietrail/Frequency:Chinese_Characters_(Simplified)
Matthias_Buchmeier/German_frequency_list-95001-100000
Matthias_Buchmeier/Italian_frequency_list-10001-15000
Matthias_Buchmeier/Italian_frequency_list-15001-20000
Matthias_Buchmeier/Italian_frequency_list-20001-25000
Matthias_Buchmeier/Italian_frequency_list-25001-30000
Matthias_Buchmeier/Italian_frequency_list-30001-35000
Matthias_Buchmeier/Italian_frequency_list-35001-40000
Matthias_Buchmeier/Italian_frequency_list-40001-45000
Matthias_Buchmeier/Italian_frequency_list-45001-50000
Matthias_Buchmeier/Italian_frequency_list-50001-55000
Matthias_Buchmeier/Italian_frequency_list-55001-60000
Matthias_Buchmeier/Italian_frequency_list-60001-65000
Matthias_Buchmeier/Italian_frequency_list-65001-70000
Matthias_Buchmeier/Spanish_frequency_list-10001-15000
Matthias_Buchmeier/Spanish_frequency_list-15001-20000
Matthias_Buchmeier/Spanish_frequency_list-20001-25000
Matthias_Buchmeier/Spanish_frequency_list-25001-30000
Matthias_Buchmeier/Spanish_frequency_list-30001-35000
Matthias_Buchmeier/Spanish_frequency_list-35001-40000
Matthias_Buchmeier/Spanish_frequency_list-40001-45000
Matthias_Buchmeier/Spanish_frequency_list-45001-50000
Matthias_Buchmeier/Spanish_frequency_list-50001-55000
Matthias_Buchmeier/Spanish_frequency_list-55001-60000
Matthias_Buchmeier/Spanish_frequency_list-60001-65000
Matthias_Buchmeier/Spanish_frequency_list-65001-70000
Matthias_Buchmeier/Spanish_frequency_list-70001-75000
Matthias_Buchmeier/Spanish_frequency_list-75001-80000
Matthias_Buchmeier/Spanish_frequency_list-80001-85000
Matthias_Buchmeier/Spanish_frequency_list-85001-90000
Matthias_Buchmeier/Spanish_frequency_list-90001-95000
Mglovesfun/list_of_English_words_of_French_origin/a-d
Mglovesfun/list_of_English_words_of_French_origin/e-m
Mglovesfun/list_of_English_words_of_French_origin/n-z
Robert_Ullmann/CS_redirects_with_links/2_January_2010
Robert_Ullmann/CS_redirects_with_links/3_January_2010
Robert_Ullmann/CS_redirects_with_links/4_January_2010
Robert_Ullmann/CS_redirects_with_links/5_January_2010
Robert_Ullmann/CS_redirects_with_links/6_January_2010
Robert_Ullmann/CS_redirects_with_links/7_January_2010
Rockpilot/French_verbs_using_"à"_for_indirect_objects
Thryduulf/it_doesn't_matter_if_this_page_gets_deleted
Yair_rand/uncategorized_language_sections/Not_English
Stephen_G._Brown/optional_russian_stress_mark_via_CSS
Yair_rand/uncategorized_language_sections/Not_English
Frequency_lists/Contemporary_fiction_in_60_categories
Requested_entries_(Unknown_language,_Cyrillic_script)
Requests_for_cleanup/archive/2009/Unresolved_requests
Requests_for_cleanup/archive/2010/Unresolved_requests
Requests_for_cleanup/archive/2011/Unresolved_requests
Requests_for_cleanup/archive/2012/Unresolved_requests
Votes/2010-06/Hiding_numbers_in_the_table_of_contents
Votes/2013-09/Translation-links_to_other_Wiktionaries
Votes/bc-2010-03/User:Stephen_G._Brown_for_bureaucrat
Votes/pl-2008-08/Inclusion_of_regular_inflected_forms
Votes/pl-2009-03/Vote_requirements_for_policy_changes
Votes/pl-2009-06/Add_en:_prefix_to_topical_categories
Votes/pl-2010-05/Restricting_the_use_of_LiquidThreads
Votes/pl-2012-03/Vote_requirements_for_policy_changes
Votes/2010-06/Hiding_numbers_in_the_table_of_contents
Votes/2013-09/Translation-links_to_other_Wiktionaries
Votes/pl-2010-05/Restricting_the_use_of_LiquidThreads
Votes/pl-2012-03/Vote_requirements_for_policy_changes
Combining_Diacritical_Marks_Supplement_character_info
topic_cat_description/Australian_Aboriginal_mythology
topic_cat_description/Autonomous_communities_of_Spain
topic_cat_description/Old_Church_Slavonic_derivations
topic_cat_description/Old_Northern_French_derivations
topic_cat_description/Pennsylvania_German_derivations
topic_cat_description/Proto-Indo-European_derivations
topic_cat_description/Proto-North_Sarawak_derivations
topic_cat_description/Transalpine_Gaulish_derivations
unicode_scripts/Unified_Canadian_Aboriginal_Syllabics
first_person_singular_present_tense_and_imperative_of
Acehnese_terms_derived_from_Central_Semitic_languages
Acehnese_terms_derived_from_Malayo-Sumbawan_languages
Afrikaans_terms_derived_from_Sunda-Sulawesi_languages
Alabama_terms_derived_from_creole_or_pidgin_languages
Albanian_terms_derived_from_Central_Semitic_languages
Albanian_terms_derived_from_Malayo-Sumbawan_languages
Alemannic_German_terms_derived_from_Romance_languages
Ambonese_Malay_terms_derived_from_Dravidian_languages
Ambonese_Malay_terms_derived_from_Proto-Indo-European
Ancient_Greek_terms_derived_from_Indo-Aryan_languages
Annobonese_terms_derived_from_Indo-European_languages
Antillean_Creole_terms_derived_from_Romance_languages
Arabic_terms_derived_from_Malayo-Polynesian_languages
Arabic_terms_derived_from_Northwest_Semitic_languages
Armenian_terms_derived_from_Central_Semitic_languages
Armenian_terms_derived_from_Malayo-Sumbawan_languages
Aromanian_words_of_Latin_origin_not_found_in_Romanian
Asturian_terms_derived_from_Central_Semitic_languages
Baba_Malay_terms_derived_from_Malayo-Chamic_languages
Bakung_terms_derived_from_Malayo-Polynesian_languages
Balinese_terms_derived_from_Malayo-Sumbawan_languages
Baluan-Pam_terms_derived_from_Proto-Malayo-Polynesian
Banjarese_terms_derived_from_Sunda-Sulawesi_languages
Baram_Kayan_terms_derived_from_Austronesian_languages
Batak_terms_derived_from_Borneo-Philippines_languages
Bau_Bidayuh_terms_derived_from_Austronesian_languages
Bau_Bidayuh_terms_derived_from_Indo-Iranian_languages
Belarusian_terms_derived_from_Indo-European_languages
Belarusian_terms_derived_from_Malayo-Chamic_languages
Belarusian_terms_derived_from_West_Germanic_languages
Bikol_Central_terms_derived_from_Philippine_languages
Bikol_terms_derived_from_Borneo-Philippines_languages
Bontoc_terms_derived_from_Malayo-Polynesian_languages
Breton_terms_derived_from_Northwest_Semitic_languages
Brunei_terms_derived_from_Malayo-Polynesian_languages
Buginese_terms_derived_from_Malayo-Sumbawan_languages
Bulgarian_terms_derived_from_North_Germanic_languages
Bulgarian_terms_derived_from_Sunda-Sulawesi_languages
Burmese_terms_derived_from_Southwestern_Tai_languages
Calamian_Tagbanwa_terms_derived_from_Proto-Philippine
Cantonese_terms_derived_from_Sunda-Sulawesi_languages
Category_boilerplate_subtemplates/strong_verb_classes
Central_Berawan_terms_derived_from_Proto-Austronesian
Central_Kurdish_terms_derived_from_Armenian_languages
Central_Kurdish_terms_derived_from_Proto-Indo-Iranian
Central_Melanau_terms_derived_from_Germanic_languages
Central_Melanau_terms_derived_from_Hellenic_languages
Central_Melanau_terms_derived_from_Proto-Austronesian
Chinook_Jargon_terms_derived_from_Chinookan_languages
Classical_Nahuatl_terms_derived_from_Italic_languages
Classical_Syriac_terms_derived_from_Aramaic_languages
Classical_Syriac_terms_derived_from_Classical_Mandaic
Classical_Syriac_terms_derived_from_Iranian_languages
Classical_Syriac_terms_derived_from_Romance_languages
Classical_Syriac_terms_derived_from_Semitic_languages
Classical_Syriac_terms_derived_from_Sinitic_languages
Coastal_Kadazan_terms_derived_from_Proto-Austronesian
Crimean_Gothic_terms_derived_from_Proto-Indo-European
Dairi_Batak_terms_derived_from_Austronesian_languages
Danish_terms_derived_from_Malayo-Polynesian_languages
Danish_terms_derived_from_Northwest_Semitic_languages
Dutch_Low_Saxon_terms_derived_from_Germanic_languages
East_Futuna_terms_derived_from_Austronesian_languages
Eastern_Cham_terms_derived_from_Proto-Malayo-Sumbawan
Eastern_Mari_terms_derived_from_Finno-Ugric_languages
Egyptian_Arabic_terms_derived_from_Germanic_languages
Egyptian_Arabic_terms_derived_from_Hellenic_languages
Elfdalian_terms_derived_from_North_Germanic_languages
English_terms_derived_from_North_Athabaskan_languages
English_terms_derived_from_Southwestern_Tai_languages
English_terms_derived_from_Trans-New_Guinea_languages
English_terms_derived_from_creole_or_pidgin_languages
Entries_using_missing_taxonomic_name_(cultivar_group)
Entries_using_missing_taxonomic_name_(informal_group)
Eritai_terms_derived_from_Malayo-Polynesian_languages
Esperanto_terms_derived_from_Atlantic-Congo_languages
Esperanto_terms_derived_from_Austro-Asiatic_languages
Esperanto_terms_derived_from_North_Germanic_languages
Esperanto_terms_derived_from_Sunda-Sulawesi_languages
Estonian_terms_derived_from_Central_Semitic_languages
Estonian_terms_derived_from_Malayo-Sumbawan_languages
Etruscan_terms_derived_from_Central_Semitic_languages
Faroese_terms_derived_from_Southwestern_Tai_languages
Faroese_terms_derived_from_creole_or_pidgin_languages
Fiji_Hindi_terms_derived_from_Indo-European_languages
Fiji_Hindi_terms_derived_from_West_Germanic_languages
Fijian_terms_derived_from_Malayo-Polynesian_languages
French_terms_derived_from_Ethiopian_Semitic_languages
French_terms_derived_from_Malayo-Polynesian_languages
French_terms_derived_from_Northwest_Semitic_languages
Galician_terms_derived_from_Central_Semitic_languages
Galician_terms_derived_from_Malayo-Sumbawan_languages
Gamilaraay_terms_derived_from_Indo-European_languages
Gamilaraay_terms_derived_from_West_Germanic_languages
Georgian_terms_derived_from_Central_Semitic_languages
Georgian_terms_derived_from_Malayo-Sumbawan_languages
German_Low_German_terms_derived_from_Baltic_languages
German_Low_German_terms_derived_from_Italic_languages
German_Low_German_terms_derived_from_Slavic_languages
German_terms_derived_from_Malayo-Polynesian_languages
German_terms_derived_from_Northwest_Semitic_languages
Gilbertese_terms_derived_from_Indo-European_languages
Gilbertese_terms_derived_from_Proto-Malayo-Polynesian
Gilbertese_terms_derived_from_West_Germanic_languages
Gooniyandi_terms_derived_from_Indo-European_languages
Gooniyandi_terms_derived_from_Malayo-Chamic_languages
Gooniyandi_terms_derived_from_West_Germanic_languages
Gothic_terms_derived_from_Northwest_Semitic_languages
Greenlandic_terms_derived_from_Eskimo-Aleut_languages
Greenlandic_terms_derived_from_Sino-Tibetan_languages
Gujarati_terms_derived_from_Central_Semitic_languages
Guugu_Yimidhirr_terms_derived_from_Germanic_languages
Haitian_Creole_terms_derived_from_Canaanite_languages
Haitian_Creole_terms_derived_from_substrate_languages
Haveke_terms_derived_from_Malayo-Polynesian_languages
Hawaiian_terms_derived_from_Central_Semitic_languages
Headword-line_template_with_deprecated_head_parameter
Hebrew_terms_derived_from_Malayo-Polynesian_languages
Hebrew_terms_derived_from_Northwest_Semitic_languages
Hiligaynon_terms_derived_from_Indo-European_languages
Hiligaynon_terms_derived_from_Malayo-Chamic_languages
Hiligaynon_terms_derived_from_Proto-Malayo-Polynesian
Hungarian_terms_derived_from_Atlantic-Congo_languages
Hungarian_terms_derived_from_North_Germanic_languages
Hungarian_terms_derived_from_Sunda-Sulawesi_languages
Icelandic_terms_derived_from_North_Germanic_languages
Icelandic_terms_derived_from_Sunda-Sulawesi_languages
Ida'an_terms_derived_from_Malayo-Polynesian_languages
Inari_Sami_terms_derived_from_Indo-European_languages
Indonesian_terms_derived_from_Indo-European_languages
Indonesian_terms_derived_from_Malayo-Chamic_languages
Indonesian_terms_derived_from_Proto-Malayo-Polynesian
Indonesian_terms_derived_from_West_Germanic_languages
Iranun_terms_derived_from_Malayo-Polynesian_languages
Isnag_terms_derived_from_Borneo-Philippines_languages
Istro-Romanian_terms_derived_from_Proto-Indo-European
Itawit_terms_derived_from_Malayo-Polynesian_languages
Ivatan_terms_derived_from_Malayo-Polynesian_languages
Japanese-coined_CJKV_characters_used_outside_Japanese
Japanese_terms_derived_from_Central_Semitic_languages
Japanese_terms_derived_from_Malayo-Sumbawan_languages
Japanese_terms_written_with_six_Han_script_characters
Japanese_terms_written_with_ten_Han_script_characters
Japanese_terms_written_with_two_Han_script_characters
Javanese_terms_derived_from_Malayo-Sumbawan_languages
Jèrriais_terms_derived_from_Central_Semitic_languages
Kaingang_terms_derived_from_Central_Semitic_languages
Kapampangan_terms_derived_from_Austronesian_languages
Kapingamarangi_terms_by_their_sequences_of_characters
Karachay-Balkar_terms_derived_from_Armenian_languages
Karo_Batak_terms_derived_from_Malayo-Chamic_languages
Karo_Batak_terms_derived_from_Proto-Malayo-Polynesian
Kedah_Malay_terms_derived_from_Austronesian_languages
Kedang_terms_derived_from_Malayo-Polynesian_languages
Khvarshi_terms_derived_from_Proto-Northeast_Caucasian
Kildin_Sami_terms_derived_from_Balto-Slavic_languages
Kimaragang_terms_derived_from_Indo-European_languages
Kimaragang_terms_derived_from_Malayo-Chamic_languages
Kimaragang_terms_derived_from_Proto-Malayo-Polynesian
Kinyarwanda_terms_derived_from_Austronesian_languages
Kiput_terms_derived_from_Borneo-Philippines_languages
Komi-Zyrian_terms_derived_from_Austronesian_languages
Komodo_terms_derived_from_Malayo-Polynesian_languages
Korean_terms_derived_from_Malayo-Polynesian_languages
Korean_terms_derived_from_Northwest_Semitic_languages
Kowiai_terms_derived_from_Malayo-Polynesian_languages
Kulon-Pazeh_terms_derived_from_Austronesian_languages
Kyrgyz_terms_derived_from_Northwest_Semitic_languages
Ladino_terms_derived_from_Northwest_Semitic_languages
Lampung_Api_terms_derived_from_Austronesian_languages
Latvian_lengthening_(present)_first_conjugation_verbs
Latvian_non-alternating_sixth_declension_proper_nouns
Latvian_terms_derived_from_Southwestern_Tai_languages
Limburgish_terms_derived_from_Indo-European_languages
Limburgish_terms_derived_from_West_Germanic_languages
Lingua_Franca_Nova_terms_derived_from_other_languages
Lithuanian_terms_derived_from_East_Germanic_languages
Lithuanian_terms_derived_from_Indo-European_languages
Lithuanian_terms_derived_from_Malayo-Chamic_languages
Lithuanian_terms_derived_from_West_Germanic_languages
Livonian_cardinal_numeral_forms_(plural_instrumental)
Logudorese_Sardinian_terms_derived_from_Ancient_Greek
Low_German_terms_derived_from_Indo-European_languages
Low_German_terms_derived_from_West_Germanic_languages
Lusitanian_terms_derived_from_Indo-European_languages
Luxembourgish_abbreviations,_acronyms_and_initialisms
Macedonian_terms_derived_from_Indo-European_languages
Macedonian_terms_derived_from_West_Germanic_languages
Madurese_terms_derived_from_Malayo-Sumbawan_languages
Maithili_terms_derived_from_Central_Semitic_languages
Malagasy_terms_derived_from_Malayo-Sumbawan_languages
Malay_terms_derived_from_Borneo-Philippines_languages
Malecite-Passamaquoddy_terms_derived_from_Old_English
Mambae_terms_derived_from_Malayo-Polynesian_languages
Mandar_terms_derived_from_Malayo-Polynesian_languages
Mandarin_terms_derived_from_Central_Semitic_languages
Mandarin_terms_derived_from_Malayo-Sumbawan_languages
Mandarin_transliterations_of_Germanic_languages_terms
Mangarevan_terms_derived_from_Proto-Malayo-Polynesian
Manggarai_terms_derived_from_Sunda-Sulawesi_languages
Manichaean_Middle_Persian_terms_needing_native_script
Mapudungun_terms_derived_from_Indo-European_languages
Marshallese_terms_derived_from_Afro-Asiatic_languages
Marshallese_terms_derived_from_Austronesian_languages
Marshallese_terms_derived_from_Indo-Iranian_languages
Marshallese_terms_derived_from_Sino-Tibetan_languages
Masbatenyo_terms_derived_from_Proto-Malayo-Polynesian
Mauritian_Creole_terms_derived_from_Iranian_languages
Mauritian_Creole_terms_derived_from_Romance_languages
Mauritian_Creole_terms_derived_from_Semitic_languages
Mazanderani_terms_derived_from_Indo-Iranian_languages
Meriam_terms_derived_from_Malayo-Polynesian_languages
Middle_Armenian_terms_derived_from_Armenian_languages
Middle_Armenian_terms_derived_from_Hellenic_languages
Middle_English_terms_by_their_sequences_of_characters
Middle_English_terms_derived_from_Proto-Indo-European
Middle_High_German_terms_derived_from_Old_High_German
Middle_High_German_terms_derived_from_other_languages
Middle_Persian_terms_derived_from_Proto-Indo-European
Minangkabau_terms_derived_from_Austronesian_languages
Mingrelian_terms_derived_from_Indo-European_languages
Mongondow_terms_derived_from_Sunda-Sulawesi_languages
Mori_Bawah_terms_derived_from_Bungku-Tolaki_languages
Mori_Bawah_terms_derived_from_Proto-Malayo-Polynesian
Mycenaean_Greek_terms_derived_from_Hellenic_languages
Neapolitan_terms_derived_from_Indo-European_languages
Neapolitan_terms_derived_from_West_Germanic_languages
Ngad'a_terms_derived_from_Malayo-Polynesian_languages
Nigerian_Pidgin_terms_derived_from_Germanic_languages
Niuean_terms_derived_from_Malayo-Polynesian_languages
Northern_Roglai_terms_derived_from_Proto-Austronesian
Norwegian_Bokmål_terms_derived_from_German_Low_German
Norwegian_Bokmål_terms_derived_from_Iranian_languages
Norwegian_Bokmål_terms_derived_from_Middle_Low_German
Norwegian_Bokmål_terms_derived_from_Romance_languages
Norwegian_Bokmål_terms_derived_from_Semitic_languages
Norwegian_Nynorsk_terms_derived_from_Arabic_languages
Norwegian_Nynorsk_terms_derived_from_Celtic_languages
Norwegian_Nynorsk_terms_derived_from_Italic_languages
Norwegian_Nynorsk_terms_derived_from_Middle_Norwegian
Norwegian_Nynorsk_terms_derived_from_Norwegian_Bokmål
Norwegian_Nynorsk_terms_derived_from_Turkic_languages
Norwegian_terms_derived_from_Atlantic-Congo_languages
Norwegian_terms_derived_from_North_Germanic_languages
Norwegian_terms_derived_from_Sunda-Sulawesi_languages
Novial_terms_derived_from_Northwest_Semitic_languages
Old_Church_Slavonic_terms_derived_from_Proto-Germanic
Old_East_Slavic_terms_derived_from_Germanic_languages
Old_East_Slavic_terms_derived_from_Hellenic_languages
Old_East_Slavic_terms_derived_from_Proto-Balto-Slavic
Old_French_terms_derived_from_Indo-European_languages
Old_French_terms_derived_from_West_Germanic_languages
Old_High_German_terms_derived_from_Germanic_languages
Old_High_German_terms_derived_from_Hellenic_languages
Old_Irish_terms_derived_from_North_Germanic_languages
Old_Lithuanian_terms_derived_from_Proto-Indo-European
Old_Norse_terms_derived_from_North_Germanic_languages
Old_Persian_terms_derived_from_Afro-Asiatic_languages
Old_Persian_terms_derived_from_East_Semitic_languages
Old_Persian_terms_derived_from_Indo-Iranian_languages
Old_Polish_terms_derived_from_Indo-European_languages
Old_Portuguese_terms_derived_from_Canaanite_languages
Old_Portuguese_terms_derived_from_Proto-Indo-European
Old_Portuguese_terms_derived_from_Tyrsenian_languages
Old_Spanish_terms_derived_from_Afro-Asiatic_languages
Ontong_Java_terms_derived_from_Austronesian_languages
Ottoman_Turkish_terms_derived_from_Armenian_languages
Ottoman_Turkish_terms_derived_from_Hellenic_languages
Palenquero_terms_derived_from_Indo-European_languages
Palu'e_terms_derived_from_Malayo-Polynesian_languages
Pamona_terms_derived_from_Malayo-Polynesian_languages
Pangasinan_terms_derived_from_Indo-European_languages
Pangasinan_terms_derived_from_Proto-Malayo-Polynesian
Papiamentu_terms_derived_from_Indo-European_languages
Parthian_terms_derived_from_Central_Semitic_languages
Pashto_terms_derived_from_Northwest_Semitic_languages
Pileni_terms_derived_from_Malayo-Polynesian_languages
Pitjantjatjara_terms_by_their_sequences_of_characters
Polish_terms_derived_from_Ethiopian_Semitic_languages
Polish_terms_derived_from_Malayo-Polynesian_languages
Polish_terms_derived_from_Northwest_Semitic_languages
Portuguese_terms_derived_from_East_Germanic_languages
Portuguese_terms_derived_from_Indo-European_languages
Portuguese_terms_derived_from_Malayo-Chamic_languages
Portuguese_terms_derived_from_Tibeto-Burman_languages
Portuguese_terms_derived_from_West_Germanic_languages
Proto-Albanian_terms_derived_from_Proto-Indo-European
Proto-Balto-Slavic_terms_derived_from_other_languages
Proto-Finnic_terms_derived_from_Finno-Ugric_languages
Proto-Germanic_terms_derived_from_Proto-Indo-European
Proto-Indo-European_present_verbs_suffixed_with_*-yé-
Proto-Lampungic_terms_derived_from_Proto-Austronesian
Proto-Malayic_terms_derived_from_Proto-Sunda-Sulawesi
Proto-Polynesian_terms_derived_from_Oceanic_languages
Proto-Rukai_terms_derived_from_Austronesian_languages
Rajasthani_terms_derived_from_Indo-European_languages
Rajasthani_terms_derived_from_West_Germanic_languages
Rarotongan_terms_derived_from_Proto-Malayo-Polynesian
Rejang_terms_derived_from_Malayo-Polynesian_languages
Rennellese_terms_derived_from_Proto-Malayo-Polynesian
Rohingya_terms_derived_from_Central_Semitic_languages
Romanian_terms_derived_from_Central_Semitic_languages
Romanian_terms_derived_from_Malayo-Sumbawan_languages
Rungus_terms_derived_from_Malayo-Polynesian_languages
Russian_terms_derived_from_Southwestern_Tai_languages
Samoan_Plantation_Pidgin_terms_derived_from_Ramoaaina
Samoan_terms_derived_from_Malayo-Polynesian_languages
Samogitian_terms_derived_from_Indo-European_languages
Sangir_terms_derived_from_Malayo-Polynesian_languages
Sanskrit_terms_derived_from_Central_Semitic_languages
Scottish_Gaelic_terms_derived_from_Germanic_languages
Scottish_Gaelic_terms_derived_from_Goidelic_languages
Scottish_Gaelic_terms_derived_from_Hellenic_languages
Selaru_terms_derived_from_Malayo-Polynesian_languages
Serbo-Croatian_terms_by_their_sequences_of_characters
Serbo-Croatian_terms_derived_from_Canaanite_languages
Serbo-Croatian_terms_derived_from_Dravidian_languages
Serbo-Croatian_terms_derived_from_Old_Church_Slavonic
Serbo-Croatian_terms_derived_from_Proto-Indo-European
Sicilian_terms_derived_from_Central_Semitic_languages
Simeulue_terms_derived_from_Malayo-Sumbawan_languages
Skolt_Sami_terms_derived_from_East_Germanic_languages
Skolt_Sami_terms_derived_from_Indo-European_languages
Skolt_Sami_terms_derived_from_West_Germanic_languages
Slovak_terms_derived_from_Malayo-Polynesian_languages
Slovak_terms_derived_from_Northwest_Semitic_languages
Slovincian_terms_derived_from_Indo-European_languages
Somali_terms_derived_from_Northwest_Semitic_languages
South_Marquesan_terms_derived_from_Proto-Austronesian
Sundanese_terms_derived_from_Sunda-Sulawesi_languages
Tagal_Murut_terms_derived_from_Austronesian_languages
Tangoa_terms_derived_from_Malayo-Polynesian_languages
Tboli_terms_derived_from_Borneo-Philippines_languages
Telugu_terms_derived_from_Northwest_Semitic_languages
Templates_for_generating_characters_used_in_wiki_code
Timugon_Murut_terms_derived_from_Indo-Aryan_languages
Toba_Batak_terms_derived_from_Malayo-Chamic_languages
Toba_Batak_terms_derived_from_Proto-Malayo-Polynesian
Tok_Pisin_terms_derived_from_Sunda-Sulawesi_languages
Tolaki_terms_derived_from_Malayo-Polynesian_languages
Tongan_terms_derived_from_Malayo-Polynesian_languages
Tontemboan_terms_derived_from_Proto-Malayo-Polynesian
Totoli_terms_derived_from_Malayo-Polynesian_languages
Translingual_terms_derived_from_Uto-Aztecan_languages
Tuwali_Ifugao_terms_derived_from_Philippine_languages
Udmurt_terms_derived_from_Malayo-Polynesian_languages
Ukrainian_terms_derived_from_North_Germanic_languages
Ukrainian_terms_derived_from_Sunda-Sulawesi_languages
Uruangnirin_terms_derived_from_Austronesian_languages
Venetian_terms_derived_from_Central_Semitic_languages
Venetian_terms_derived_from_Malayo-Sumbawan_languages
Vietnamese_terms_derived_from_Indo-European_languages
Vietnamese_terms_derived_from_Malayo-Chamic_languages
Vietnamese_terms_derived_from_West_Germanic_languages
Vilamovian_terms_derived_from_Indo-European_languages
Vilamovian_terms_derived_from_West_Germanic_languages
Waray-Waray_terms_derived_from_Austronesian_languages
West_Coast_Bajau_terms_derived_from_Malayic_languages
Western_Cham_terms_derived_from_Proto-Malayo-Sumbawan
White_Hmong_terms_derived_from_Sino-Tibetan_languages
Wuvulu-Aua_terms_derived_from_Proto-Malayo-Polynesian
Yakan_terms_derived_from_Borneo-Philippines_languages
Yatzachi_Zapotec_terms_derived_from_Romance_languages
Zazaki_terms_derived_from_Northwest_Semitic_languages
Zoogocho_Zapotec_terms_derived_from_Romance_languages
Turkish_first-person_singular_possessive_dative_forms
Turkish_third-person_singular_possessive_dative_forms
User_talk:Bequw/Dangling_tearoom_templates/reply_(10)
User_talk:Bequw/Dangling_tearoom_templates/reply_(11)
User_talk:Bequw/Dangling_tearoom_templates/reply_(12)
User_talk:Bequw/Dangling_tearoom_templates/reply_(13)
User_talk:Bequw/Dangling_tearoom_templates/reply_(14)
User_talk:Bequw/Dangling_tearoom_templates/reply_(15)
User_talk:Bequw/Dangling_tearoom_templates/reply_(16)
User_talk:Bequw/Dangling_tearoom_templates/reply_(17)
User_talk:Bequw/Show_replies_not_working_for_me/reply
User_talk:CodeCat/Appendix:Proto-Slavic/boljьjь/reply
User_talk:CodeCat/Balto-Slavic_glottal_stop/reply_(2)
User_talk:CodeCat/Balto-Slavic_glottal_stop/reply_(3)
User_talk:CodeCat/Balto-Slavic_glottal_stop/reply_(4)
User_talk:CodeCat/Balto-Slavic_glottal_stop/reply_(5)
User_talk:CodeCat/Balto-Slavic_glottal_stop/reply_(6)
User_talk:CodeCat/Balto-Slavic_glottal_stop/reply_(7)
User_talk:CodeCat/Balto-Slavic_glottal_stop/reply_(8)
User_talk:CodeCat/Balto-Slavic_glottal_stop/reply_(9)
User_talk:CodeCat/Catalan_verb_script_error/reply_(2)
User_talk:CodeCat/Category:term_cleanup/with_sc/reply
User_talk:CodeCat/Gothic_cardinal_numerals/reply_(10)
User_talk:CodeCat/Gothic_cardinal_numerals/reply_(11)
User_talk:CodeCat/Gothic_cardinal_numerals/reply_(12)
User_talk:CodeCat/MewBot,_sort_keys,_and_tone_numbers
User_talk:CodeCat/PGmc_prepositions_and_adverbs/reply
User_talk:CodeCat/Raw_links_in_Template:ga-noun/reply
User_talk:CodeCat/Re:_your_unblock_message./reply_(2)
User_talk:CodeCat/Re:_your_unblock_message./reply_(3)
User_talk:CodeCat/Re:_your_unblock_message./reply_(4)
User_talk:CodeCat/Re:_your_unblock_message./reply_(5)
User_talk:CodeCat/Re:_your_unblock_message./reply_(6)
User_talk:CodeCat/Re:_your_unblock_message./reply_(7)
User_talk:CodeCat/Re:_your_unblock_message./reply_(8)
User_talk:CodeCat/Special:Contributions/Espreon/reply
User_talk:CodeCat/The_job_queue_was_at_97K./reply_(2)
User_talk:CodeCat/The_job_queue_was_at_97K./reply_(3)
User_talk:CodeCat/Thracian_*aphinos_or_*ephinos/reply
User_talk:CodeCat/_rfd-passed_et_al_problem/reply_(2)
User_talk:CodeCat/_rfd-passed_et_al_problem/reply_(3)
User_talk:CodeCat/påse_transcription._Valid_IPA/reply
User_talk:CodeCat/the_new_version_of_langprefix/reply
User_talk:CodeCat/there_be_and_Dutch_and_German/reply
User_talk:Divinenephron/Incorrect_etymology/reply_(2)
User_talk:Yair_rand/Current_version_of_the_script_css
User_talk:Yair_rand/Inquiry_about_edit_patrolls/reply
User_talk:Yair_rand/JavaScript_exportations/reply_(2)
User_talk:Yair_rand/JavaScript_exportations/reply_(3)
User_talk:Yair_rand/JavaScript_exportations/reply_(4)
User_talk:Yair_rand/The_first_parameter_of_infl/reply
User_talk:Yair_rand/editor.js/cursor_changes_to_arrow
User_talk:Yair_rand/editor2.js/broken_links/reply_(2)
User_talk:Yair_rand/newentrywiz.js/Wikicode/reply_(2)
User_talk:Yair_rand/newentrywiz.js/edit_summary/reply
Wiktionary:LiquidThreads_testing/Testing.../reply_(2)
Wiktionary:LiquidThreads_testing/Testing.../reply_(3)
Wiktionary:LiquidThreads_testing/Testing.../reply_(4)
Wiktionary:LiquidThreads_testing/Testing.../reply_(5)
Wiktionary:LiquidThreads_testing/Testing.../reply_(6)
Wiktionary:LiquidThreads_testing/Testing.../reply_(7)
Wiktionary:LiquidThreads_testing/Testing.../reply_(8)
Wiktionary:LiquidThreads_testing/Testing.../reply_(9)
Dictionary_of_Mining,_Mineral,_and_Related_Terms/S/10
Dictionary_of_Mining,_Mineral,_and_Related_Terms/S/11
Dictionary_of_Mining,_Mineral,_and_Related_Terms/S/12
Spanish_false_cognates_and_false_friends_with_English
Spanish_false_cognates_and_false_friends_with_English
great-great-great-great-great-great-great-grandfather
great-great-great-great-great-great-great-grandmother
great-great-great-great-great-great-great-grandparent
great_great_great_great_great_great_great_grandfather
great_great_great_great_great_great_great_grandmother
great_great_great_great_great_great_great_grandparent