B@RadialWrist-PalmAway-OpenB@CenterChesthigh_Sidetoside
Claw5@Sfhead-Claw5@Sfhead_CirclesSurface-CirclesSurface
X@SideChinhigh-X@SideChinhigh_CirclesHoriz-CirclesHoriz
Y@Palm-PalmDown-FlatB@CenterChesthigh-PalmUp_Sidetoside
Y@Palm-PalmDown-OpenB@CenterChesthigh-PalmUp_Sidetoside
a_journey_of_a_thousand_miles_begins_with_a_single_step
better_the_devil_you_know_than_the_devil_you_don't_know
een_vos_verliest_wel_zijn_haren,_maar_niet_zijn_streken
exceptio_beneficium_de_duobus_vel_pluribus_reis_debendi
great-great-great-great-great-great-great-grandchildren
great-great-great-great-great-great-great-granddaughter
great_great_great_great_great_great_great_grandchildren
great_great_great_great_great_great_great_granddaughter
monochromated_scanning_transmission_electron_microscope
phosphoribosylaminoimidazolesuccinocarboxamide_synthase
that_and_twenty-five_cents_will_get_you_a_cup_of_coffee
the_left_hand_doesn't_know_what_the_right_hand_is_doing
не_ищи_соринку_в_чужом_глазу,_не_замечая_бревна_в_своём
Broken/rhymes\x3aEnglish\x3a-e\xc9\xaa\xca\x83\xc7\x9dn
meningen_med_livet,_er_den,_som_man_selv_ligger_i_livet
-sche/English_terms_of_Native_American_origin/dwellings
Dick_Laurent/Appendix:Turkish_ordinal_numbers/1000-3999
Dick_Laurent/Appendix:Turkish_ordinal_numbers/4000-6999
Eirikr/Template_Tests/Template:nv-verbconj-experimental
Matthias_Buchmeier/Spanish_frequency_list-100001-105000
Matthias_Buchmeier/Spanish_frequency_list-105001-110000
Matthias_Buchmeier/Spanish_frequency_list-110001-115000
Matthias_Buchmeier/Spanish_frequency_list-115001-120000
Matthias_Buchmeier/Spanish_frequency_list-120001-125000
Matthias_Buchmeier/Spanish_frequency_list-125001-130000
Matthias_Buchmeier/Spanish_frequency_list-130001-135000
Matthias_Buchmeier/Spanish_frequency_list-135001-140000
Matthias_Buchmeier/Spanish_frequency_list-140001-145000
Matthias_Buchmeier/Spanish_frequency_list-145001-150000
Matthias_Buchmeier/Spanish_frequency_list-150001-155000
Matthias_Buchmeier/Spanish_frequency_list-155001-160000
Matthias_Buchmeier/Spanish_frequency_list-160001-165000
Matthias_Buchmeier/Spanish_frequency_list-165001-170000
Matthias_Buchmeier/Spanish_frequency_list-170001-175000
Matthias_Buchmeier/Spanish_frequency_list-175001-180000
Matthias_Buchmeier/Spanish_frequency_list-180001-185000
Matthias_Buchmeier/Spanish_frequency_list-185001-190000
Matthias_Buchmeier/Spanish_frequency_list-190001-195000
Matthias_Buchmeier/Spanish_frequency_list-195001-200000
Matthias_Buchmeier/Spanish_frequency_list-200001-205000
Matthias_Buchmeier/Spanish_frequency_list-205001-210000
Matthias_Buchmeier/Spanish_frequency_list-210001-215000
Matthias_Buchmeier/Spanish_frequency_list-215001-220000
Matthias_Buchmeier/Spanish_frequency_list-220001-225000
Robert_Ullmann/CS_redirects_with_links/10_December_2009
Robert_Ullmann/CS_redirects_with_links/11_December_2009
Robert_Ullmann/CS_redirects_with_links/12_December_2009
Robert_Ullmann/CS_redirects_with_links/13_December_2009
Robert_Ullmann/CS_redirects_with_links/15_December_2009
Robert_Ullmann/CS_redirects_with_links/16_December_2009
Robert_Ullmann/CS_redirects_with_links/18_December_2009
Robert_Ullmann/CS_redirects_with_links/19_December_2009
Robert_Ullmann/CS_redirects_with_links/22_December_2009
Robert_Ullmann/CS_redirects_with_links/26_December_2009
Robert_Ullmann/CS_redirects_with_links/28_December_2009
Robert_Ullmann/CS_redirects_with_links/29_December_2009
Ungoliant_MMDCCLXIV/Portuguese_words_of_Germanic_origin
Ivan_Štambuk/Serbo-Croatian_entries_using_infl_template
Interlingua_index_(thailandese_-_titulo_de_proprietate)
Requested_entries_(Unknown_language,_Devanagari_script)
Requests_for_deletion/Others/Archives/2007_no_consensus
Requests_for_deletion/Others/Archives/2008_no_consensus
Sysops_guide_to_manual_transwikification_from_Wikipedia
Todo/Mismatched_POS_-_Head_-_Noun,_Proper_noun,_Pronoun
Tutorial_(Editing)/sandbox/Please_do_not_edit_this_line
Votes/pl-2009-12/Treatment_of_toneless_pinyin_syllables
Votes/pl-2011-02/Remove_"Place_names"_section_of_WT:CFI
Votes/pl-2012-02/Patronymics_and_stylistic_edits_of_CFI
Votes/pl-2012-02/Using_modifier_letters_for_superscript
Policy_-_Transliteration/Collection_of_past_discussions
Votes/pl-2009-12/Treatment_of_toneless_pinyin_syllables
Votes/pl-2012-02/Patronymics_and_stylistic_edits_of_CFI
Votes/pl-2012-02/Using_modifier_letters_for_superscript
bg-adjective_masculine_definite_object_of/documentation
topic_cat_description/Australian_Aboriginal_derivations
topic_cat_description/Duckburg_and_Mouseton_derivations
topic_cat_description/Letters,_symbols,_and_punctuation
topic_cat_description/Modern_Israeli_Hebrew_derivations
topic_cat_description/Tolkien's_legendarium_derivations
topic_cat_description/Transliteration_of_personal_names
unicode_scripts/CJK_Compatibility_Ideographs_Supplement
unicode_scripts/Combining_Diacritical_Marks_for_Symbols
'Are'are_terms_derived_from_Malayo-Polynesian_languages
Acehnese_terms_derived_from_Malayo-Polynesian_languages
Aklanon_terms_derived_from_Borneo-Philippines_languages
Albanian_terms_derived_from_Malayo-Polynesian_languages
Albanian_terms_derived_from_Northwest_Semitic_languages
Alemannic_German_terms_derived_from_Proto-Indo-European
Alutor_terms_derived_from_Chukotko-Kamchatkan_languages
Ancient_Greek_terms_derived_from_Afro-Asiatic_languages
Ancient_Greek_terms_derived_from_Balto-Slavic_languages
Ancient_Greek_terms_derived_from_East_Semitic_languages
Ancient_Greek_terms_derived_from_Indo-Iranian_languages
Ancient_Greek_terms_derived_from_South_Slavic_languages
Ancient_Greek_terms_derived_from_West_Semitic_languages
Antillean_Creole_terms_derived_from_substrate_languages
Armenian_terms_derived_from_Malayo-Polynesian_languages
Armenian_terms_derived_from_Northwest_Semitic_languages
Asturian_terms_derived_from_Northwest_Semitic_languages
Baba_Malay_terms_derived_from_Malayo-Sumbawan_languages
Balinese_terms_derived_from_Malayo-Polynesian_languages
Bau_Bidayuh_terms_derived_from_Sunda-Sulawesi_languages
Belarusian_terms_derived_from_Malayo-Sumbawan_languages
Berawan_terms_derived_from_Borneo-Philippines_languages
Berbice_Creole_Dutch_terms_derived_from_Ijoid_languages
Berbice_Creole_Dutch_terms_derived_from_other_languages
Biak_terms_derived_from_Proto-Central_Malayo-Polynesian
Biak_terms_derived_from_Proto-Eastern_Malayo-Polynesian
Bikol_Central_terms_derived_from_Austronesian_languages
Bima_terms_derived_from_Proto-Central_Malayo-Polynesian
Bintulu_terms_derived_from_Borneo-Philippines_languages
Bishnupriya_Manipuri_terms_derived_from_other_languages
Brunei_Bisaya_terms_derived_from_Austronesian_languages
Buginese_terms_derived_from_Malayo-Polynesian_languages
Burushaski_terms_derived_from_Central_Semitic_languages
Calamian_Tagbanwa_terms_derived_from_Proto-Austronesian
Cappadocian_Greek_terms_derived_from_Armenian_languages
Catalan_second_conjugation_verbs_with_stem_alternations
Cebuano_terms_derived_from_Borneo-Philippines_languages
Central_Dusun_terms_derived_from_Austronesian_languages
Central_Melanau_terms_derived_from_Indo-Aryan_languages
Central_Melanau_terms_derived_from_Proto-Sunda-Sulawesi
Chamorro_terms_derived_from_Malayo-Polynesian_languages
Chru_terms_derived_from_Proto-Western_Malayo-Polynesian
Classical_Nahuatl_terms_derived_from_Hellenic_languages
Classical_Syriac_terms_derived_from_Canaanite_languages
Classical_Syriac_terms_derived_from_Proto-Indo-European
Crimean_Tatar_terms_derived_from_Afro-Asiatic_languages
Crimean_Tatar_terms_derived_from_Balto-Slavic_languages
Crimean_Tatar_terms_derived_from_Indo-Iranian_languages
Dairi_Batak_terms_derived_from_Sunda-Sulawesi_languages
Dobu_terms_derived_from_Proto-Eastern_Malayo-Polynesian
Eastern_Cham_terms_derived_from_Malayo-Chamic_languages
Eastern_Cham_terms_derived_from_Proto-Malayo-Polynesian
Emae_terms_derived_from_Proto-Eastern_Malayo-Polynesian
Ende_terms_derived_from_Proto-Central_Malayo-Polynesian
English_terms_derived_from_Borneo-Philippines_languages
English_transliterations_of_East_Slavic_languages_terms
English_words_that_use_all_vowels_in_alphabetical_order
Estonian_terms_derived_from_Malayo-Polynesian_languages
Estonian_terms_derived_from_Northwest_Semitic_languages
Etruscan_terms_derived_from_Northwest_Semitic_languages
Extremaduran_terms_derived_from_Indo-European_languages
Fiji_Hindi_terms_derived_from_Central_Semitic_languages
Finnish_terms_derived_from_Borneo-Philippines_languages
Franco-Provençal_terms_derived_from_Proto-Indo-European
Futuna-Aniwa_terms_derived_from_Proto-Malayo-Polynesian
Fwâi_terms_derived_from_Proto-Eastern_Malayo-Polynesian
Galician_terms_derived_from_Malayo-Polynesian_languages
Galician_terms_derived_from_Northwest_Semitic_languages
Gallurese_Sardinian_terms_derived_from_Italic_languages
Gayo_terms_derived_from_Proto-Western_Malayo-Polynesian
Gela_terms_derived_from_Proto-Eastern_Malayo-Polynesian
Georgian_terms_derived_from_Malayo-Polynesian_languages
Georgian_terms_derived_from_Northwest_Semitic_languages
German_Low_German_terms_derived_from_Germanic_languages
German_nouns_having_red_links_in_their_declension_table
German_terms_having_red_links_in_their_inflection_table
Gheg_Albanian_terms_derived_from_Indo-Iranian_languages
Gooniyandi_terms_derived_from_Malayo-Sumbawan_languages
Greenlandic_terms_derived_from_North_Germanic_languages
Guernésiais_terms_derived_from_North_Germanic_languages
Haitian_Creole_terms_derived_from_Benue-Congo_languages
Haitian_Creole_terms_derived_from_Niger-Congo_languages
Haitian_Creole_terms_derived_from_Senegambian_languages
Haitian_Creole_terms_derived_from_Volta-Congo_languages
Hano_terms_derived_from_Proto-Eastern_Malayo-Polynesian
Hanunoo_terms_derived_from_Borneo-Philippines_languages
Hawaiian_terms_derived_from_Malayo-Polynesian_languages
Hawaiian_terms_derived_from_Northwest_Semitic_languages
Hiligaynon_terms_derived_from_Malayo-Sumbawan_languages
Iban_terms_derived_from_Proto-Western_Malayo-Polynesian
Ilocano_terms_derived_from_Borneo-Philippines_languages
Ilongot_terms_derived_from_Borneo-Philippines_languages
Indonesian_terms_derived_from_Central_Semitic_languages
Indonesian_terms_derived_from_Malayo-Sumbawan_languages
Ingush_terms_derived_from_Northeast_Caucasian_languages
Italian_terms_derived_from_Borneo-Philippines_languages
Japanese_terms_derived_from_Malayo-Polynesian_languages
Japanese_terms_written_with_eight_Han_script_characters
Japanese_terms_written_with_seven_Han_script_characters
Japanese_terms_written_with_three_Han_script_characters
Javanese_terms_derived_from_Malayo-Polynesian_languages
Jawe_terms_derived_from_Proto-Eastern_Malayo-Polynesian
Jersey_Dutch_terms_derived_from_Indo-European_languages
Jersey_Dutch_terms_derived_from_West_Germanic_languages
Jèrriais_terms_derived_from_Northwest_Semitic_languages
Kabuverdianu_terms_derived_from_Indo-European_languages
Kamarian_terms_derived_from_Malayo-Polynesian_languages
Kapampangan_terms_derived_from_Sunda-Sulawesi_languages
Karo_Batak_terms_derived_from_Malayo-Sumbawan_languages
Kedah_Malay_terms_derived_from_Sunda-Sulawesi_languages
Kelabit_terms_derived_from_Borneo-Philippines_languages
Kimaragang_terms_derived_from_Malayo-Sumbawan_languages
Kinyarwanda_terms_derived_from_Sunda-Sulawesi_languages
Komering_terms_derived_from_Malayo-Polynesian_languages
Komi-Permyak_terms_derived_from_Indo-European_languages
Komi-Permyak_terms_derived_from_Malayo-Chamic_languages
Komi-Permyak_terms_derived_from_West_Germanic_languages
Komi-Zyrian_terms_derived_from_Sunda-Sulawesi_languages
Koryak_terms_derived_from_Chukotko-Kamchatkan_languages
Kosraean_terms_derived_from_Malayo-Polynesian_languages
Lampung_Api_terms_derived_from_Sunda-Sulawesi_languages
Latin_no-passive_verbs_with_no_future_active_participle
Latvian_palatalizing_a/o/a_type_first_conjugation_verbs
Leti_terms_derived_from_Proto-Central_Malayo-Polynesian
Libyan_Arabic_terms_derived_from_Afro-Asiatic_languages
Lingua_Franca_Nova_terms_derived_from_Romance_languages
Lithuanian_terms_derived_from_Central_Semitic_languages
Lithuanian_terms_derived_from_Malayo-Sumbawan_languages
Livonian_cardinal_numeral_forms_(singular_instrumental)
Logudorese_Sardinian_terms_derived_from_other_languages
Lower_Sorbian_terms_derived_from_Afro-Asiatic_languages
Lower_Sorbian_terms_derived_from_Austronesian_languages
Lower_Sorbian_terms_derived_from_Balto-Slavic_languages
Lower_Sorbian_terms_derived_from_Sino-Tibetan_languages
Lusi_terms_derived_from_Proto-Eastern_Malayo-Polynesian
Luxembourgish_terms_derived_from_Afro-Asiatic_languages
Luxembourgish_terms_derived_from_Austronesian_languages
Luxembourgish_terms_derived_from_Indo-Iranian_languages
Macedonian_terms_derived_from_Central_Semitic_languages
Madurese_terms_derived_from_Malayo-Polynesian_languages
Malagasy_terms_derived_from_Malayo-Polynesian_languages
Mandarin_terms_derived_from_Malayo-Polynesian_languages
Mandarin_terms_derived_from_Northwest_Semitic_languages
Mandarin_terms_in_simplified_script_derived_from_Arabic
Mandarin_terms_in_simplified_script_derived_from_French
Mandarin_terms_in_simplified_script_derived_from_German
Mandarin_terms_in_simplified_script_derived_from_Hebrew
Mandarin_terms_in_traditional_script_derived_from_Greek
Mansaka_terms_derived_from_Borneo-Philippines_languages
Maranao_terms_derived_from_Borneo-Philippines_languages
Marshallese_terms_derived_from_Sunda-Sulawesi_languages
Martuthunira_terms_derived_from_Indo-European_languages
Martuthunira_terms_derived_from_West_Germanic_languages
Masiwang_terms_derived_from_Malayo-Polynesian_languages
Megleno-Romanian_terms_derived_from_Proto-Indo-European
Mentawai_terms_derived_from_Malayo-Polynesian_languages
Middle_Armenian_terms_derived_from_Kartvelian_languages
Middle_Dutch_terms_derived_from_Indo-European_languages
Middle_Dutch_terms_derived_from_West_Germanic_languages
Middle_French_terms_derived_from_Afro-Asiatic_languages
Middle_High_German_terms_derived_from_Romance_languages
Middle_Irish_terms_derived_from_Indo-European_languages
Middle_Irish_terms_derived_from_West_Germanic_languages
Middle_Low_German_terms_derived_from_Germanic_languages
Middle_Welsh_terms_derived_from_Indo-European_languages
Minangkabau_terms_derived_from_Sunda-Sulawesi_languages
Moronene_terms_derived_from_Malayo-Polynesian_languages
Motu_terms_derived_from_Proto-Eastern_Malayo-Polynesian
Mussau-Emira_terms_derived_from_Proto-Malayo-Polynesian
Nemi_terms_derived_from_Proto-Eastern_Malayo-Polynesian
Nias_terms_derived_from_Proto-Western_Malayo-Polynesian
North_Marquesan_terms_derived_from_Polynesian_languages
Northern_Roglai_terms_derived_from_Proto-Sunda-Sulawesi
Northern_Sami_terms_derived_from_Afro-Asiatic_languages
Northern_Sami_terms_derived_from_Balto-Slavic_languages
Northern_Sami_terms_derived_from_Finno-Permic_languages
Northern_Sami_terms_derived_from_West_Semitic_languages
Norwegian_Bokmål_adjectives_that_lack_comparative_forms
Norwegian_Bokmål_terms_derived_from_Canaanite_languages
Norwegian_Bokmål_terms_derived_from_Proto-Indo-European
Norwegian_Nynorsk_terms_derived_from_Germanic_languages
Norwegian_Nynorsk_terms_derived_from_Hellenic_languages
Old_Armenian_terms_derived_from_Indo-European_languages
Old_Armenian_terms_derived_from_West_Germanic_languages
Old_Church_Slavonic_terms_derived_from_Italic_languages
Old_Church_Slavonic_terms_derived_from_Slavic_languages
Old_Church_Slavonic_terms_derived_from_Turkic_languages
Old_English_terms_derived_from_North_Germanic_languages
Old_French_terms_derived_from_Central_Semitic_languages
Old_Georgian_terms_derived_from_Indo-European_languages
Old_Javanese_terms_derived_from_Malayo-Chamic_languages
Old_Javanese_terms_derived_from_Proto-Malayo-Polynesian
Old_Persian_terms_derived_from_Hurro-Urartian_languages
Old_Prussian_terms_derived_from_East_Germanic_languages
Old_Prussian_terms_derived_from_Indo-European_languages
Old_Swedish_terms_derived_from_North_Germanic_languages
Onin_terms_derived_from_Proto-Central_Malayo-Polynesian
Ontong_Java_terms_derived_from_Proto-Nuclear_Polynesian
Ottoman_Turkish_terms_derived_from_Indo-Aryan_languages
Parthian_terms_derived_from_Northwest_Semitic_languages
Pije_terms_derived_from_Proto-Eastern_Malayo-Polynesian
Plautdietsch_terms_derived_from_Indo-European_languages
Plautdietsch_terms_derived_from_West_Germanic_languages
Portuguese_terms_derived_from_Central_Semitic_languages
Portuguese_terms_derived_from_Malayo-Sumbawan_languages
Proto-Celtic_terms_derived_from_Indo-European_languages
Proto-Central-Eastern_Malayo-Polynesian_parts_of_speech
Proto-Finnic_terms_derived_from_Indo-European_languages
Proto-Germanic_terms_derived_from_Finno-Ugric_languages
Proto-Italic_terms_derived_from_Indo-European_languages
Proto-Kartvelian_terms_derived_from_Proto-Indo-European
Proto-Malayic_terms_derived_from_Austronesian_languages
Proto-Oceanic_terms_derived_from_Austronesian_languages
Proto-Semitic_terms_derived_from_Afro-Asiatic_languages
Proto-Slavic_terms_derived_from_East_Germanic_languages
Proto-Slavic_terms_derived_from_Indo-European_languages
Proto-Slavic_terms_derived_from_West_Germanic_languages
Proto-South_Sulawesi_terms_derived_from_other_languages
Proto-Southwestern_Tai_terms_derived_from_Tai_languages
Proto-Sunda-Sulawesi_terms_derived_from_other_languages
Rade_terms_derived_from_Proto-Western_Malayo-Polynesian
Rajasthani_terms_derived_from_Central_Semitic_languages
Rapa_Nui_terms_derived_from_Malayo-Polynesian_languages
Rejang_Kayan_terms_derived_from_North_Bornean_languages
Rejang_Kayan_terms_derived_from_Proto-Malayo-Polynesian
Romanian_terms_derived_from_Malayo-Polynesian_languages
Romanian_terms_derived_from_Northwest_Semitic_languages
Roro_terms_derived_from_Proto-Eastern_Malayo-Polynesian
Sabah_Bisaya_terms_derived_from_Proto-Malayo-Polynesian
Sabu_terms_derived_from_Proto-Central_Malayo-Polynesian
Samoan_Plantation_Pidgin_terms_with_unknown_etymologies
Saterland_Frisian_terms_derived_from_Germanic_languages
Scottish_Gaelic_abbreviations,_acronyms_and_initialisms
Serbo-Croatian_terms_derived_from_Benue-Congo_languages
Serbo-Croatian_terms_derived_from_East_Slavic_languages
Serbo-Croatian_terms_derived_from_Finno-Ugric_languages
Serbo-Croatian_terms_derived_from_Niger-Congo_languages
Serbo-Croatian_terms_derived_from_Senegambian_languages
Serbo-Croatian_terms_derived_from_Volta-Congo_languages
Serbo-Croatian_terms_derived_from_West_Slavic_languages
Sika_terms_derived_from_Proto-Central_Malayo-Polynesian
Simeulue_terms_derived_from_Malayo-Polynesian_languages
South_Marquesan_terms_derived_from_Polynesian_languages
South_Picene_terms_derived_from_Indo-European_languages
Southern_Sami_terms_derived_from_Finno-Permic_languages
Sranan_Tongo_terms_derived_from_Indo-European_languages
Sranan_Tongo_terms_derived_from_West_Germanic_languages
Tae'_terms_derived_from_Proto-Western_Malayo-Polynesian
Tagalog_terms_derived_from_Borneo-Philippines_languages
Tahitian_terms_derived_from_Malayo-Polynesian_languages
Thai_terms_derived_from_Proto-Western_Malayo-Polynesian
Timugon_Murut_terms_derived_from_Austronesian_languages
Timugon_Murut_terms_derived_from_Indo-Iranian_languages
Timugon_Murut_terms_derived_from_Sino-Tibetan_languages
Tiruray_terms_derived_from_Borneo-Philippines_languages
Toba_Batak_terms_derived_from_Malayo-Sumbawan_languages
Tomadino_terms_derived_from_Malayo-Polynesian_languages
Torres_Strait_Creole_terms_derived_from_other_languages
Translations_to_be_checked_(Northwest_Alaska_Inupiatun)
Translingual_terms_derived_from_Indo-European_languages
Translingual_terms_derived_from_Malayo-Chamic_languages
Translingual_terms_derived_from_South_Semitic_languages
Translingual_terms_derived_from_West_Germanic_languages
Tsat_terms_derived_from_Proto-Western_Malayo-Polynesian
Tukudede_terms_derived_from_Malayo-Polynesian_languages
Tuvaluan_terms_derived_from_Malayo-Polynesian_languages
Tuwali_Ifugao_terms_derived_from_Austronesian_languages
Uab_Meto_terms_derived_from_Malayo-Polynesian_languages
Undetermined_terms_needing_Egyptian_hieroglyphic_script
Unserdeutsch_terms_derived_from_Indo-European_languages
Unserdeutsch_terms_derived_from_West_Germanic_languages
Upper_Sorbian_terms_derived_from_Afro-Asiatic_languages
Upper_Sorbian_terms_derived_from_Balto-Slavic_languages
Venetian_terms_derived_from_Malayo-Polynesian_languages
Venetian_terms_derived_from_Northwest_Semitic_languages
Vietnamese_terms_derived_from_Malayo-Sumbawan_languages
West_Coast_Bajau_terms_derived_from_Proto-Malayo-Chamic
West_Flemish_terms_derived_from_Indo-European_languages
West_Flemish_terms_derived_from_West_Germanic_languages
West_Frisian_terms_derived_from_Indo-European_languages
West_Frisian_terms_derived_from_West_Germanic_languages
Western_Cham_terms_derived_from_Malayo-Chamic_languages
Western_Cham_terms_derived_from_Proto-Malayo-Polynesian
Western_Mari_terms_derived_from_Indo-European_languages
Western_Mari_terms_derived_from_Malayo-Chamic_languages
Western_Mari_terms_derived_from_West_Germanic_languages
Woleaian_terms_derived_from_Malayo-Polynesian_languages
Yami_terms_derived_from_Proto-Western_Malayo-Polynesian
Yucatec_Maya_terms_derived_from_Indo-European_languages
cmn:Romance_of_the_Three_Kingdoms_in_traditional_script
cmn:Sexually_transmitted_diseases_in_traditional_script
English_words_that_use_all_vowels_in_alphabetical_order
User_talk:B9_hummingbird_hovering/testing_functionality
User_talk:Bequw/Template:zh_topic_cat_parents/reply_(2)
User_talk:Bequw/User:Conrad.Irwin/creation.js/reply_(2)
User_talk:Bequw/Wiktionary:Index_to_templates/languages
User_talk:CodeCat/Apparent_Mewbot_misbehavior/reply_(2)
User_talk:CodeCat/Apparent_Mewbot_misbehavior/reply_(3)
User_talk:CodeCat/Apparent_Mewbot_misbehavior/reply_(4)
User_talk:CodeCat/Apparent_Mewbot_misbehavior/reply_(5)
User_talk:CodeCat/Category:German_irregular_verbs/reply
User_talk:CodeCat/Clearing_out_Special:Unused_templates
User_talk:CodeCat/Context_label_redirect_snappers/reply
User_talk:CodeCat/Duolingo_deleted_/_Google_still_there
User_talk:CodeCat/Etymology_categories_for_Translingual
User_talk:CodeCat/Gothic_romanization_sources/reply_(2)
User_talk:CodeCat/Gothic_romanization_sources/reply_(3)
User_talk:CodeCat/Gothic_romanization_sources/reply_(4)
User_talk:CodeCat/Gothic_romanization_sources/reply_(5)
User_talk:CodeCat/Inflection_of_Gaulish_verbs/reply_(2)
User_talk:CodeCat/Latin_declension_templates/reply_(10)
User_talk:CodeCat/Latin_declension_templates/reply_(11)
User_talk:CodeCat/Latin_declension_templates/reply_(12)
User_talk:CodeCat/Latin_declension_templates/reply_(13)
User_talk:CodeCat/Meta_transliteration_module/reply_(2)
User_talk:CodeCat/Meta_transliteration_module/reply_(3)
User_talk:CodeCat/Old_English_Adjective_templates/reply
User_talk:CodeCat/PIE_entry_descendants_lists/reply_(2)
User_talk:CodeCat/PIE_entry_descendants_lists/reply_(3)
User_talk:CodeCat/Please_undelete_liv_"forms"_templates
User_talk:CodeCat/Reinhard,_Reynard,_and_PGmc/reply_(2)
User_talk:CodeCat/Section_links_in_head_words/reply_(2)
User_talk:CodeCat/Section_links_in_head_words/reply_(3)
User_talk:CodeCat/Section_links_in_head_words/reply_(4)
User_talk:CodeCat/Section_links_in_head_words/reply_(5)
User_talk:CodeCat/Section_links_in_head_words/reply_(6)
User_talk:CodeCat/Section_links_in_head_words/reply_(7)
User_talk:CodeCat/Section_links_in_head_words/reply_(8)
User_talk:CodeCat/West_Germanic_infinitive_suffix/reply
User_talk:CodeCat/greed_-_hebzucht_translation_rollback
User_talk:CodeCat/linking_the_transliteration/reply_(2)
User_talk:CodeCat/obsolete_synonyms_of_šķīvis/reply_(2)
User_talk:CodeCat/obsolete_synonyms_of_šķīvis/reply_(3)
User_talk:CodeCat/rollback_on_Israel_(wiktionary)/reply
User_talk:CodeCat/translit_modules_and_delink/reply_(2)
User_talk:Internoob/Template_talk:fr-noun/Sandbox/reply
User_talk:Internoob/The_14th_sense_you_added_to_à/reply
User_talk:Kephir/Module:ar-translit,_Module:ko-translit
User_talk:Leolaursen/Fundamental_interactions/reply_(2)
User_talk:TheDaveRoss/Bot-generated_lists_for_Icelandic
User_talk:Yair_rand/Definition_editing_gadget/reply_(2)
User_talk:Yair_rand/Definition_editing_gadget/reply_(3)
User_talk:Yair_rand/Definition_editing_gadget/reply_(4)
User_talk:Yair_rand/Diff_radio_buttons_on_history_pages
User_talk:Yair_rand/Inflection_line_templates/reply_(2)
User_talk:Yair_rand/Problem_with_the_translation_editor
User_talk:Yair_rand/Template:index/Serbo-Croatian/reply
User_talk:Yair_rand/Translations_from_an_Xml_dump/reply
User_talk:Yair_rand/linebreak_after/before_header/reply
User_talk:Yair_rand/newentrywiz.js/Adding_new_templates
User_talk:Yair_rand/wsedit.js/mouseover_drop-down/reply
Australian_English_terms_pertaining_to_money_and_wealth
English_dictionary-only_terms_of_Native_American_origin
Esperanto/Words_listed_in_the_Akademia_Vortaro_(Part_1)
Esperanto/Words_listed_in_the_Akademia_Vortaro_(Part_2)
Esperanto_words_listed_in_the_Akademia_Vortaro_(Part_1)
Esperanto_words_listed_in_the_Akademia_Vortaro_(Part_2)
Glossary_of_the_Polish_Scouting_and_Guiding_Association
English_dictionary-only_terms_of_Native_American_origin
Glossary_of_the_Polish_Scouting_and_Guiding_Association
great-great-great-great-great-great-great-grandchildren
great-great-great-great-great-great-great-granddaughter
great_great_great_great_great_great_great_grandchildren
great_great_great_great_great_great_great_granddaughter