Dienvidslāvijas_Sociālistiskajai_Federatīvajai_Republikai
K@Near...Chesthigh-PalmUp_Nod_K@Near...Chesthigh-PalmBack
Lanfairpwllgwyngyllgogerychwyrndrobwllllantysiliogogogoch
Reginavel_unì_dal_la_Gronda_Britannia_ed_Irlanda_dal_nord
Rìoghachd_Aonaichte_na_Breatainn_Mhòr_agus_Eirinn_a_Tuath
Taumatawhakatangihangakoauauotamateapokaiwhenuakitanatahu
Verenigd_Koninkrijk_van_Groot-Brittannië_en_Noord-Ierland
great-great-great-great-great-great-great-great-grandsons
great_great_great_great_great_great_great_great_grandsons
if_all_you_have_is_a_hammer,_everything_looks_like_a_nail
phosphoribosylaminoimidazolecarboxamide_formyltransferase
what_does_that_have_to_do_with_the_price_of_tea_in_china?
you_can_lead_a_horse_to_water_but_you_can't_make_it_drink
if_all_you_have_is_a_hammer,_everything_looks_like_a_nail
Connel_MacKenzie/redirects/Adverb_redirecting_to_singular
Connel_MacKenzie/redirects/Singular_redirecting_to_plural
George_Animal/Kurdish_verbs_with_kirin/bûn/anîn/ketin/dan
Hippietrail/List_of_well-known_English_print_dictionaries
Luhmann_br/Visual_dictionary_of_the_human_body_in_English
Wietsezuyderwijk/Taalbeurs/Verwerkingsopdracht_Kerndoelen
Connel_MacKenzie/redirects/Adverb_redirecting_to_singular
Connel_MacKenzie/redirects/Singular_redirecting_to_plural
Frequency_lists/Most_frequent_lemmas_in_written_Icelandic
Japanese_dictionary_coordination/Images_of_kanji_radicals
Todo/Translations_templates_outside_translations_sections
Votes/2010-06/Setting_lang_attribute_for_transliterations
Votes/2012-04/Languages_with_limited_online_documentation
Votes/2013-03/Disallow_mobile_edits_by_unregistered_users
Votes/pl-2010-01/Renaming_CFI_section_on_genealogic_names
Votes/pl-2010-05/Placenames_with_linguistic_information_2
Votes/pl-2010-10/Parts_of_speech_for_number-related_terms
Votes/pl-2011-04/CFI:_Removing_usage_in_a_well-known_work
Todo/Translations_templates_outside_translations_sections
Votes/2013-03/Disallow_mobile_edits_by_unregistered_users
Votes/pl-2010-05/Placenames_with_linguistic_information_2
Votes/pl-2010-10/Parts_of_speech_for_number-related_terms
Votes/pl-2011-04/CFI:_Removing_usage_in_a_well-known_work
topic_cat_description/Proto-Malayo-Polynesian_derivations
topic_cat_parents/People_in_Romance_of_the_Three_Kingdoms
topic_cat_parents/Special_administrative_regions_of_China
Ambonese_Malay_terms_derived_from_Indo-European_languages
Ambonese_Malay_terms_derived_from_Malayo-Chamic_languages
American_Sign_Language_terms_derived_from_other_languages
Ancient_Greek_terms_derived_from_Hurro-Urartian_languages
Armenian_terms_derived_from_Northwest_Caucasian_languages
Asturian_terms_having_red_links_in_their_inflection_table
Baba_Malay_terms_derived_from_Malayo-Polynesian_languages
Bakung_terms_derived_from_Proto-Western_Malayo-Polynesian
Baluan-Pam_terms_derived_from_Malayo-Polynesian_languages
Banyumasan_terms_derived_from_Malayo-Polynesian_languages
Belarusian_terms_derived_from_Malayo-Polynesian_languages
Bontoc_terms_derived_from_Proto-Western_Malayo-Polynesian
Broome_Pearling_Lugger_Pidgin_terms_derived_from_Japanese
CJKV_characters_simplified_differently_in_Japan_and_China
Calamian_Tagbanwa_terms_derived_from_Philippine_languages
Campidanese_Sardinian_terms_derived_from_Italic_languages
Casiguran_Dumagat_Agta_terms_derived_from_other_languages
Central_Berawan_terms_derived_from_Austronesian_languages
Central_Kurdish_terms_derived_from_Afro-Asiatic_languages
Central_Kurdish_terms_derived_from_Balto-Slavic_languages
Central_Kurdish_terms_derived_from_Indo-Iranian_languages
Central_Melanau_terms_derived_from_Afro-Asiatic_languages
Central_Melanau_terms_derived_from_Austronesian_languages
Central_Melanau_terms_derived_from_Indo-Iranian_languages
Chinook_Jargon_terms_derived_from_Indo-European_languages
Chinook_Jargon_terms_derived_from_West_Germanic_languages
Coastal_Kadazan_terms_derived_from_Austronesian_languages
Crimean_Gothic_terms_derived_from_East_Germanic_languages
Crimean_Gothic_terms_derived_from_Indo-European_languages
Crimean_Tatar_terms_derived_from_North_Germanic_languages
Danish_terms_derived_from_Proto-Western_Malayo-Polynesian
Dupaninan_Agta_terms_derived_from_Proto-Malayo-Polynesian
Eastern_Cham_terms_derived_from_Malayo-Sumbawan_languages
Egyptian_Arabic_terms_derived_from_Afro-Asiatic_languages
Egyptian_Arabic_terms_derived_from_Indo-Iranian_languages
Emae_terms_derived_from_Central-Eastern_Oceanic_languages
English_transliterations_of_Indo-European_languages_terms
English_verbs_with_base_form_identical_to_past_participle
Eritai_terms_derived_from_Proto-Central_Malayo-Polynesian
Esperanto_terms_derived_from_Borneo-Philippines_languages
Fiji_Hindi_terms_derived_from_Malayo-Polynesian_languages
Fijian_terms_derived_from_Proto-Eastern_Malayo-Polynesian
French_terms_derived_from_Proto-Western_Malayo-Polynesian
Gilbertese_terms_derived_from_Malayo-Polynesian_languages
Gooniyandi_terms_derived_from_Malayo-Polynesian_languages
Gorontalo_terms_derived_from_Borneo-Philippines_languages
Guugu_Yimidhirr_terms_derived_from_Austronesian_languages
Haitian_Creole_terms_derived_from_Indo-European_languages
Haitian_Creole_terms_derived_from_West_Germanic_languages
Haveke_terms_derived_from_Proto-Eastern_Malayo-Polynesian
Hebrew_plural_noun_entries_missing_plural_construct_forms
Hiligaynon_terms_derived_from_Malayo-Polynesian_languages
Indonesian_terms_derived_from_Malayo-Polynesian_languages
Indonesian_terms_derived_from_Northwest_Semitic_languages
Iranun_terms_derived_from_Proto-Western_Malayo-Polynesian
Istro-Romanian_terms_derived_from_Indo-European_languages
Itawit_terms_derived_from_Proto-Western_Malayo-Polynesian
Ivatan_terms_derived_from_Proto-Western_Malayo-Polynesian
Japanese_transliterations_of_Sino-Tibetan_languages_terms
Judeo-Arabic_terms_derived_from_Central_Semitic_languages
Kankanaey_terms_derived_from_Borneo-Philippines_languages
Kapingamarangi_terms_derived_from_Proto-Malayo-Polynesian
Karipúna_Creole_French_terms_derived_from_other_languages
Karo_Batak_terms_derived_from_Malayo-Polynesian_languages
Kedang_terms_derived_from_Proto-Central_Malayo-Polynesian
Khvarshi_terms_derived_from_Northeast_Caucasian_languages
Kimaragang_terms_derived_from_Malayo-Polynesian_languages
Komi-Permyak_terms_derived_from_Malayo-Sumbawan_languages
Komodo_terms_derived_from_Proto-Central_Malayo-Polynesian
Lingua_Franca_Nova_terms_by_their_sequences_of_characters
Lithuanian_terms_derived_from_Malayo-Polynesian_languages
Lithuanian_terms_derived_from_Northwest_Semitic_languages
Lower_Sorbian_terms_derived_from_Sunda-Sulawesi_languages
Luxembourgish_terms_derived_from_Sunda-Sulawesi_languages
Macedonian_terms_derived_from_Northwest_Semitic_languages
Malecite-Passamaquoddy_terms_derived_from_other_languages
Mambae_terms_derived_from_Proto-Central_Malayo-Polynesian
Mandar_terms_derived_from_Proto-Western_Malayo-Polynesian
Mandarin_terms_in_simplified_script_derived_from_Japanese
Mandarin_terms_in_traditional_script_derived_from_English
Mandarin_terms_in_traditional_script_derived_from_Persian
Mandarin_terms_in_traditional_script_derived_from_Russian
Mandarin_terms_in_traditional_script_derived_from_Spanish
Mangarevan_terms_derived_from_Malayo-Polynesian_languages
Maroon_Spirit_Language_terms_derived_from_other_languages
Masbatenyo_terms_derived_from_Malayo-Polynesian_languages
Mayoyao_Ifugao_terms_derived_from_Proto-Malayo-Polynesian
Middle_Armenian_terms_derived_from_Afro-Asiatic_languages
Middle_Armenian_terms_derived_from_Indo-Iranian_languages
Middle_English_terms_derived_from_Indo-European_languages
Middle_English_terms_derived_from_West_Germanic_languages
Middle_High_German_terms_derived_from_Proto-Indo-European
Middle_Irish_terms_derived_from_Central_Semitic_languages
Middle_Persian_terms_derived_from_Indo-European_languages
Mohegan-Pequot_terms_derived_from_Indo-European_languages
Mohegan-Pequot_terms_derived_from_West_Germanic_languages
Mongondow_terms_derived_from_Borneo-Philippines_languages
Mori_Bawah_terms_derived_from_Malayo-Polynesian_languages
Moroccan_Arabic_terms_derived_from_Afro-Asiatic_languages
Ngad'a_terms_derived_from_Proto-Central_Malayo-Polynesian
Nigerian_Pidgin_terms_derived_from_Afro-Asiatic_languages
Niuean_terms_derived_from_Proto-Eastern_Malayo-Polynesian
North_Frisian_terms_derived_from_North_Germanic_languages
North_Levantine_Arabic_terms_derived_from_other_languages
North_Marquesan_terms_derived_from_Austronesian_languages
Northern_Roglai_terms_derived_from_Austronesian_languages
Northern_Sami_terms_derived_from_North_Germanic_languages
Norwegian_Bokmål_terms_derived_from_Finno-Ugric_languages
Norwegian_Nynorsk_abbreviations,_acronyms_and_initialisms
Norwegian_Nynorsk_terms_derived_from_Indo-Aryan_languages
Old_Armenian_terms_derived_from_Central_Semitic_languages
Old_Church_Slavonic_terms_derived_from_Germanic_languages
Old_Church_Slavonic_terms_derived_from_Hellenic_languages
Old_Church_Slavonic_terms_derived_from_Proto-Balto-Slavic
Old_East_Slavic_terms_derived_from_Afro-Asiatic_languages
Old_East_Slavic_terms_derived_from_Balto-Slavic_languages
Old_French_terms_derived_from_Northwest_Semitic_languages
Old_Georgian_terms_derived_from_Central_Semitic_languages
Old_Javanese_terms_derived_from_Malayo-Sumbawan_languages
Old_Lithuanian_terms_derived_from_Indo-European_languages
Old_Portuguese_terms_derived_from_Indo-European_languages
Old_Portuguese_terms_derived_from_West_Germanic_languages
Ottoman_Turkish_terms_derived_from_Afro-Asiatic_languages
Ottoman_Turkish_terms_derived_from_Balto-Slavic_languages
Ottoman_Turkish_terms_derived_from_Indo-Iranian_languages
Palu'e_terms_derived_from_Proto-Central_Malayo-Polynesian
Palu'e_terms_derived_from_Proto-Eastern_Malayo-Polynesian
Pamona_terms_derived_from_Proto-Western_Malayo-Polynesian
Pangasinan_terms_derived_from_Malayo-Polynesian_languages
Pitjantjatjara_terms_derived_from_Indo-European_languages
Pitjantjatjara_terms_derived_from_West_Germanic_languages
Polish_terms_derived_from_Proto-Western_Malayo-Polynesian
Portuguese_terms_derived_from_Malayo-Polynesian_languages
Portuguese_terms_derived_from_Northwest_Semitic_languages
Proto-Albanian_terms_derived_from_Indo-European_languages
Proto-Balto-Slavic_terms_derived_from_Proto-Indo-European
Proto-Balto-Slavic_terms_derived_from_substrate_languages
Proto-Bungku-Tolaki_terms_derived_from_Proto-Austronesian
Proto-Eastern_Polynesian_terms_derived_from_Proto-Oceanic
Proto-Germanic_terms_derived_from_Indo-European_languages
Proto-Lampungic_terms_derived_from_Austronesian_languages
Proto-Malayic_terms_derived_from_Sunda-Sulawesi_languages
Proto-Malayo-Chamic_terms_derived_from_Proto-Austronesian
Proto-North_Sarawak_terms_derived_from_Proto-Austronesian
Proto-Nuclear_Polynesian_terms_derived_from_Proto-Oceanic
Proto-Southwestern_Tai_terms_derived_from_other_languages
Rajasthani_terms_derived_from_Northwest_Semitic_languages
Rarotongan_terms_derived_from_Malayo-Polynesian_languages
Rejang_Kayan_terms_derived_from_North_Sarawakan_languages
Rejang_terms_derived_from_Proto-Western_Malayo-Polynesian
Rennellese_terms_derived_from_Malayo-Polynesian_languages
Réunion_Creole_French_terms_derived_from_Italic_languages
Samoan_terms_derived_from_Proto-Eastern_Malayo-Polynesian
Sangir_terms_derived_from_Proto-Western_Malayo-Polynesian
Sauraseni_Prakrit_terms_derived_from_Indo-Aryan_languages
Scottish_Gaelic_terms_derived_from_Afro-Asiatic_languages
Scottish_Gaelic_terms_derived_from_Austronesian_languages
Serbo-Croatian_terms_derived_from_East_Germanic_languages
Serbo-Croatian_terms_derived_from_Indo-European_languages
Serbo-Croatian_terms_derived_from_Malayo-Chamic_languages
Serbo-Croatian_terms_derived_from_Tibeto-Burman_languages
Serbo-Croatian_terms_derived_from_West_Germanic_languages
Slovak_verbs_not_classified_as_perfective_or_imperfective
South_Marquesan_terms_derived_from_Austronesian_languages
Species_entry_using_missing_Translingual_specific_epithet
Taimyr_Pidgin_Russian_terms_derived_from_Slavic_languages
Tambunan_Dusun_terms_derived_from_Proto-Malayo-Polynesian
Tangoa_terms_derived_from_Proto-Eastern_Malayo-Polynesian
Toba_Batak_terms_derived_from_Malayo-Polynesian_languages
Tongan_terms_derived_from_Proto-Eastern_Malayo-Polynesian
Tontemboan_terms_derived_from_Malayo-Polynesian_languages
Torres_Strait_Creole_terms_derived_from_Malayic_languages
Totoli_terms_derived_from_Proto-Western_Malayo-Polynesian
Translingual_terms_derived_from_Central_Semitic_languages
Translingual_terms_derived_from_Malayo-Sumbawan_languages
Udmurt_terms_derived_from_Proto-Western_Malayo-Polynesian
Vietnamese_terms_derived_from_Malayo-Polynesian_languages
Wangaaybuwan-Ngiyambaa_terms_derived_from_other_languages
West_Coast_Bajau_terms_derived_from_Proto-Malayo-Sumbawan
Western_Apache_terms_derived_from_Indo-European_languages
Western_Apache_terms_derived_from_West_Germanic_languages
Western_Cham_terms_derived_from_Malayo-Sumbawan_languages
Western_Mari_terms_derived_from_Malayo-Sumbawan_languages
Wuvulu-Aua_terms_derived_from_Malayo-Polynesian_languages
Yatzachi_Zapotec_terms_derived_from_Uto-Aztecan_languages
CJKV_characters_simplified_differently_in_Japan_and_China
Species_entry_using_missing_Translingual_specific_epithet
User_talk:Bequw/OCS_alternative_forms_and_spellings/reply
User_talk:Bequw/Show_replies_not_working_for_me/reply_(2)
User_talk:Bequw/Show_replies_not_working_for_me/reply_(3)
User_talk:Bequw/Show_replies_not_working_for_me/reply_(4)
User_talk:Bequw/Show_replies_not_working_for_me/reply_(5)
User_talk:Bequw/Show_replies_not_working_for_me/reply_(6)
User_talk:Bequw/Thanks_and_persistent_LQT_replies_problem
User_talk:CodeCat/"sc_=_None"_and_Latin_script/reply_(10)
User_talk:CodeCat/"sc_=_None"_and_Latin_script/reply_(11)
User_talk:CodeCat/"sc_=_None"_and_Latin_script/reply_(12)
User_talk:CodeCat/A_Tweak_Needed_For_derivcatboiler/reply
User_talk:CodeCat/Appendix:Proto-Indo-European/med-/reply
User_talk:CodeCat/Appendix:Proto-Slavic/boljьjь/reply_(2)
User_talk:CodeCat/Appendix:Proto-Slavic/boljьjь/reply_(3)
User_talk:CodeCat/Appendix:Proto-Slavic/boljьjь/reply_(4)
User_talk:CodeCat/Categorization_bugs_in_template:ru-verb
User_talk:CodeCat/Category:term_cleanup/with_sc/reply_(2)
User_talk:CodeCat/Category:term_cleanup/with_sc/reply_(3)
User_talk:CodeCat/Category:term_cleanup/with_sc/reply_(4)
User_talk:CodeCat/Category:term_cleanup/with_sc/reply_(5)
User_talk:CodeCat/Category:term_cleanup/with_sc/reply_(6)
User_talk:CodeCat/Category:term_cleanup/with_sc/reply_(7)
User_talk:CodeCat/Category:term_cleanup/with_sc/reply_(8)
User_talk:CodeCat/Category:term_cleanup/with_sc/reply_(9)
User_talk:CodeCat/PGmc_prepositions_and_adverbs/reply_(2)
User_talk:CodeCat/PGmc_prepositions_and_adverbs/reply_(3)
User_talk:CodeCat/PGmc_prepositions_and_adverbs/reply_(4)
User_talk:CodeCat/PGmc_prepositions_and_adverbs/reply_(5)
User_talk:CodeCat/PGmc_prepositions_and_adverbs/reply_(6)
User_talk:CodeCat/PGmc_prepositions_and_adverbs/reply_(7)
User_talk:CodeCat/PGmc_prepositions_and_adverbs/reply_(8)
User_talk:CodeCat/PGmc_prepositions_and_adverbs/reply_(9)
User_talk:CodeCat/Proto-Indo-European_user_template/reply
User_talk:CodeCat/Raw_links_in_Template:ga-noun/reply_(2)
User_talk:CodeCat/Raw_links_in_Template:ga-noun/reply_(3)
User_talk:CodeCat/Raw_links_in_Template:ga-noun/reply_(4)
User_talk:CodeCat/Raw_links_in_Template:ga-noun/reply_(5)
User_talk:CodeCat/Raw_links_in_Template:ga-noun/reply_(6)
User_talk:CodeCat/Raw_links_in_Template:ga-noun/reply_(7)
User_talk:CodeCat/Raw_links_in_Template:ga-noun/reply_(8)
User_talk:CodeCat/Raw_links_in_Template:ga-noun/reply_(9)
User_talk:CodeCat/Russian_archaic_letters_-_i,_ѣ,_ѳ_and_ѵ
User_talk:CodeCat/Russian_verbs_type_3,_test_module/reply
User_talk:CodeCat/Script_error_on_Template:nl-conj-wk-cht
User_talk:CodeCat/Script_request_when_nothing_given/reply
User_talk:CodeCat/Special:Contributions/Espreon/reply_(2)
User_talk:CodeCat/Special:WhatLinksHere/Template:form_of\
User_talk:CodeCat/the_new_version_of_langprefix/reply_(2)
User_talk:CodeCat/the_new_version_of_langprefix/reply_(3)
User_talk:CodeCat/the_new_version_of_langprefix/reply_(4)
User_talk:CodeCat/the_new_version_of_langprefix/reply_(5)
User_talk:CodeCat/the_new_version_of_langprefix/reply_(6)
User_talk:CodeCat/the_new_version_of_langprefix/reply_(7)
User_talk:CodeCat/the_new_version_of_langprefix/reply_(8)
User_talk:CodeCat/the_new_version_of_langprefix/reply_(9)
User_talk:CodeCat/there_be_and_Dutch_and_German/reply_(2)
User_talk:CodeCat/there_be_and_Dutch_and_German/reply_(3)
User_talk:Internoob/User_talk:199.126.224.245_brick/reply
User_talk:Yair_rand/Collapsible_tables_in_etyltree?/reply
User_talk:Yair_rand/Edit_request_for_protected_page/reply
User_talk:Yair_rand/The_first_parameter_of_infl/reply_(2)
User_talk:Yair_rand/The_first_parameter_of_infl/reply_(3)
User_talk:Yair_rand/The_first_parameter_of_infl/reply_(4)
User_talk:Yair_rand/The_first_parameter_of_infl/reply_(5)
User_talk:Yair_rand/Ugly_results_on_Google_searches/reply
User_talk:Yair_rand/newentrywiz.js/Deleting_a_field/reply
User_talk:Yair_rand/newentrywiz.js/edit_summary/reply_(2)
User_talk:Yair_rand/newentrywiz.js/edit_summary/reply_(3)
User_talk:Yair_rand/newentrywiz.js/edit_summary/reply_(4)
User_talk:Yair_rand/newentrywiz.js/edit_summary/reply_(5)
English_verbs_with_base_form_identical_to_past_participle
List_of_English_words_where_C_is_pronounced_exceptionally
List_of_English_words_where_G_is_pronounced_exceptionally
Mutations_of_the_letter_and_sound_a_in_the_Latin_language
great-great-great-great-great-great-great-great-grandsons
great_great_great_great_great_great_great_great_grandsons