1@Lip-PalmBack_1@NearRadialHand-O@CenterChesthigh-PalmDown
1@NearPalm-FingerDown-FlatB@CenterChesthigh-PalmUp_Contact
1@Sfhead-PalmDown_A@Palm-PalmDown-A@CenterChesthigh-PalmUp
Llanfairpwllgwyngyllgogerychwyrndrobwllllantysiliogogogoch
Open8@Finger-TipUp-Open8@CenterChesthigh-TipUp_Twist-Twist
S@NearBaseForearm-PalmUp_Frontandback_S@BaseForearm-PalmUp
as_a_dog_returns_to_his_vomit,_so_a_fool_repeats_his_folly
better_to_light_a_single_candle_than_to_curse_the_darkness
great-great-great-great-great-great-great-great-grandchild
great_great_great_great_great_great_great_great_grandchild
ist_die_Katze_aus_dem_Haus,_tanzen_die_Mäuse_auf_dem_Tisch
pervasive_developmental_disorder_-_not_otherwise_specified
tak_dlouho_se_chodí_se_džbánem_pro_vodu,_až_se_ucho_utrhne
the_grass_is_always_greener_on_the_other_side_of_the_fence
you_can_lead_a_horse_to_water_but_you_can't_make_her_drink
you_can_lead_a_horse_to_water_but_you_can't_make_him_drink
Соединенное_Королевство_Великобритании_и_Северной_Ирландии
Соединённое_Королевство_Великобритании_и_Северной_Ирландии
стойка_шасси_с_масляно-пневматической_системой_амортизации
Աբխազական_Ինքնավար_Սովետական_Սոցիալիստական_Հանրապետություն
Llanfairpwllgwyngyllgogerychwyrndrobwllllantysiliogogogoch
tak_dlouho_se_chodí_se_džbánem_pro_vodu,_až_se_ucho_utrhne
Dan_Polansky/Roget_MICRA/Class_II._Words_Relating_to_Space
Gilgamesh/Assorted_names_and_terms_in_historical_Chinese/r
Gilgamesh/English_spelling_rhymes_with_non-rhyming_members
Votes/2006-12/Translations_with_or_without_interwiki_links
Votes/2009-03/Transwikis_from_other_Wiktionaries/Version_1
Votes/2009-08/Rename_Category:US_Category:American_English
Votes/2013-02/Typographic_vs_ASCII_punctuation_in_policies
Votes/2014-01/Treatment_of_repeating_letters_and_syllables
Votes/pl-2013-01/Allow_script_names_as_L2_section_headings
Votes/pl-2013-09/CFI_and_Wiktionary_is_not_an_encyclopedia
Votes/pl-2013-09/CFI_and_trimming_the_Idiomaticity_section
Votes/2013-02/Typographic_vs_ASCII_punctuation_in_policies
Votes/2014-01/Treatment_of_repeating_letters_and_syllables
Votes/pl-2013-01/Allow_script_names_as_L2_section_headings
Votes/pl-2013-09/CFI_and_Wiktionary_is_not_an_encyclopedia
Votes/pl-2013-09/CFI_and_trimming_the_Idiomaticity_section
U:Latin_stop+liquid_poetic_stress_alteration/documentation
topic_cat_parents/Autonomous_republics_of_the_Soviet_Union
topic_cat_parents/Terms_derived_from_constructed_languages
Aklanon_terms_derived_from_Proto-Western_Malayo-Polynesian
Alu_terms_derived_from_Eastern_Malayo-Polynesian_languages
Ambonese_Malay_terms_derived_from_Sunda-Sulawesi_languages
Ancient_Greek_terms_derived_from_Central_Semitic_languages
Anuta_terms_derived_from_Central-Eastern_Oceanic_languages
Asilulu_terms_derived_from_Proto-Central_Malayo-Polynesian
Asturian_verbs_having_red_links_in_their_conjugation_table
Austronesian_Mor_terms_derived_from_Austronesian_languages
Banggai_terms_derived_from_Proto-Western_Malayo-Polynesian
Baram_Kayan_terms_derived_from_Malayo-Polynesian_languages
Bau_Bidayuh_terms_derived_from_Malayo-Polynesian_languages
Berawan_terms_derived_from_Proto-Western_Malayo-Polynesian
Berbice_Creole_Dutch_terms_derived_from_Germanic_languages
Bintulu_terms_derived_from_Proto-Western_Malayo-Polynesian
Bughotu_terms_derived_from_Proto-Eastern_Malayo-Polynesian
Buli_(Indonesia)_terms_derived_from_Austronesian_languages
Campidanese_Sardinian_terms_derived_from_Romance_languages
Casiguran_Dumagat_Agta_terms_derived_from_Proto-Philippine
Catalan_terms_derived_from_Proto-Western_Malayo-Polynesian
Cebuano_terms_derived_from_Proto-Western_Malayo-Polynesian
Central_Berawan_terms_derived_from_North_Bornean_languages
Central_Berawan_terms_derived_from_Proto-Malayo-Polynesian
Central_Kurdish_terms_derived_from_Indo-European_languages
Central_Melanau_terms_derived_from_Indo-European_languages
Central_Melanau_terms_derived_from_Malayo-Chamic_languages
Central_Melanau_terms_derived_from_North_Bornean_languages
Central_Melanau_terms_derived_from_Proto-Malayo-Polynesian
Central_Melanau_terms_derived_from_West_Germanic_languages
Central_Tagbanwa_terms_derived_from_Austronesian_languages
Cia-Cia_terms_derived_from_Proto-Western_Malayo-Polynesian
Classical_Syriac_terms_derived_from_Afro-Asiatic_languages
Classical_Syriac_terms_derived_from_East_Semitic_languages
Classical_Syriac_terms_derived_from_Indo-Iranian_languages
Classical_Syriac_terms_derived_from_Sino-Tibetan_languages
Classical_Syriac_terms_derived_from_West_Semitic_languages
Coastal_Kadazan_terms_derived_from_Proto-Malayo-Polynesian
Crimean_Tatar_terms_derived_from_Central_Semitic_languages
Dairi_Batak_terms_derived_from_Malayo-Polynesian_languages
Dutch_Low_Saxon_terms_derived_from_Indo-European_languages
Dutch_Low_Saxon_terms_derived_from_West_Germanic_languages
East_Futuna_terms_derived_from_Malayo-Polynesian_languages
Egyptian_Arabic_terms_derived_from_Indo-European_languages
Egyptian_Arabic_terms_derived_from_West_Germanic_languages
Embaloh_terms_derived_from_Proto-Western_Malayo-Polynesian
English_suffixes_that_form_nouns_from_adjectives_and_nouns
English_terms_derived_from_Proto-Eastern_Malayo-Polynesian
English_terms_derived_from_Proto-Western_Malayo-Polynesian
German_Low_German_terms_derived_from_West_Slavic_languages
Guugu_Yimidhirr_terms_derived_from_Indo-European_languages
Guugu_Yimidhirr_terms_derived_from_Malayo-Chamic_languages
Guugu_Yimidhirr_terms_derived_from_West_Germanic_languages
Haitian_Creole_terms_derived_from_Atlantic-Congo_languages
Hanunoo_terms_derived_from_Proto-Western_Malayo-Polynesian
Hiligaynon_terms_derived_from_Borneo-Philippines_languages
Ilocano_terms_derived_from_Proto-Western_Malayo-Polynesian
Ilongot_terms_derived_from_Proto-Western_Malayo-Polynesian
Indo-Portuguese_terms_derived_from_Indo-European_languages
Indonesian_terms_derived_from_Borneo-Philippines_languages
Irarutu_terms_derived_from_Proto-Central_Malayo-Polynesian
Irish_terms_derived_from_Central_New_South_Wales_languages
Italian_terms_derived_from_Proto-Western_Malayo-Polynesian
Japanese_terms_written_with_fourteen_Han_script_characters
Kambera_terms_derived_from_Proto-Central_Malayo-Polynesian
Kapampangan_terms_derived_from_Malayo-Polynesian_languages
Kapingamarangi_terms_derived_from_Proto-Nuclear_Polynesian
Karachay-Balkar_terms_derived_from_Indo-European_languages
Karipúna_Creole_French_terms_derived_from_Italic_languages
Kedah_Malay_terms_derived_from_Malayo-Polynesian_languages
Kelabit_terms_derived_from_Proto-Western_Malayo-Polynesian
Kinyarwanda_terms_derived_from_Malayo-Polynesian_languages
Komi-Zyrian_terms_derived_from_Malayo-Polynesian_languages
Lak_terms_derived_from_Western_Malayo-Polynesian_languages
Lampung_Api_terms_derived_from_Malayo-Polynesian_languages
Lao_terms_derived_from_Western_Malayo-Polynesian_languages
Latvian_j/j_type_(with_shortening)_first_conjugation_verbs
Latvian_n/n_type_(with_shortening)_first_conjugation_verbs
Latvian_terms_derived_from_Proto-Western_Malayo-Polynesian
Lau_terms_derived_from_Eastern_Malayo-Polynesian_languages
Leti_(Indonesia)_terms_derived_from_Austronesian_languages
Logudorese_Sardinian_terms_derived_from_Hellenic_languages
Lou_terms_derived_from_Eastern_Malayo-Polynesian_languages
Louisiana_Creole_French_terms_derived_from_other_languages
Lower_Sorbian_terms_derived_from_Central_Semitic_languages
Lower_Sorbian_terms_derived_from_Malayo-Sumbawan_languages
Luxembourgish_terms_derived_from_Central_Semitic_languages
Luxembourgish_terms_derived_from_Malayo-Sumbawan_languages
Makasar_terms_derived_from_Proto-Western_Malayo-Polynesian
Malaccan_Creole_Portuguese_terms_derived_from_Vulgar_Latin
Mandarin_terms_in_simplified_script_derived_from_Cantonese
Mandarin_terms_in_traditional_script_derived_from_Japanese
Mandarin_transliterations_of_Indo-European_languages_terms
Mandarin_transliterations_of_West_Germanic_languages_terms
Manichaean_Middle_Persian_terms_derived_from_Proto-Iranian
Mansaka_terms_derived_from_Proto-Western_Malayo-Polynesian
Maori_terms_derived_from_Central-Eastern_Oceanic_languages
Maranao_terms_derived_from_Proto-Western_Malayo-Polynesian
Marshallese_terms_derived_from_Malayo-Polynesian_languages
Marshallese_terms_derived_from_Northwest_Semitic_languages
Masbatenyo_terms_derived_from_Borneo-Philippines_languages
Mauritian_Creole_terms_derived_from_Afro-Asiatic_languages
Mauritian_Creole_terms_derived_from_Indo-Iranian_languages
Megleno-Romanian_terms_derived_from_Balto-Slavic_languages
Megleno-Romanian_terms_derived_from_South_Slavic_languages
Middle_Armenian_terms_derived_from_Indo-European_languages
Middle_English_terms_derived_from_North_Germanic_languages
Middle_French_terms_derived_from_Central_Semitic_languages
Minangkabau_terms_derived_from_Malayo-Polynesian_languages
Moroccan_Arabic_terms_derived_from_Central_Atlas_Tamazight
Moroccan_Arabic_terms_derived_from_Indo-European_languages
Muduapa_terms_derived_from_Proto-Eastern_Malayo-Polynesian
Mycenaean_Greek_terms_derived_from_Indo-European_languages
Nakanai_terms_derived_from_Proto-Eastern_Malayo-Polynesian
Nauruan_terms_derived_from_Proto-Eastern_Malayo-Polynesian
Nigerian_Pidgin_terms_derived_from_Indo-European_languages
Nigerian_Pidgin_terms_derived_from_West_Germanic_languages
North_Marquesan_terms_derived_from_Proto-Malayo-Polynesian
Northern_Roglai_terms_derived_from_Malayo-Chamic_languages
Northern_Roglai_terms_derived_from_Proto-Malayo-Polynesian
Northern_Sami_terms_derived_from_Central_Semitic_languages
Norwegian_Bokmål_terms_derived_from_Afro-Asiatic_languages
Norwegian_Bokmål_terms_derived_from_Indo-Iranian_languages
Norwegian_Bokmål_terms_derived_from_West_Semitic_languages
Nukuoro_terms_derived_from_Proto-Eastern_Malayo-Polynesian
Numbami_terms_derived_from_Proto-Eastern_Malayo-Polynesian
Nyâlayu_terms_derived_from_Proto-Eastern_Malayo-Polynesian
Old_Church_Slavonic_terms_by_their_sequences_of_characters
Old_Church_Slavonic_terms_derived_from_Proto-Indo-European
Old_East_Slavic_terms_derived_from_East_Germanic_languages
Old_East_Slavic_terms_derived_from_Indo-European_languages
Old_High_German_terms_derived_from_Indo-European_languages
Old_High_German_terms_derived_from_West_Germanic_languages
Old_Persian_terms_derived_from_Northwest_Semitic_languages
Old_Spanish_terms_derived_from_Northwest_Semitic_languages
Ontong_Java_terms_derived_from_Malayo-Polynesian_languages
Ottoman_Turkish_terms_derived_from_Indo-European_languages
Owa_terms_derived_from_Eastern_Malayo-Polynesian_languages
Palauan_terms_derived_from_Proto-Western_Malayo-Polynesian
Pangasinan_terms_derived_from_Borneo-Philippines_languages
Paulohi_terms_derived_from_Proto-Central_Malayo-Polynesian
Penrhyn_terms_derived_from_Proto-Eastern_Malayo-Polynesian
Pijin_terms_derived_from_Central-Eastern_Oceanic_languages
Portuguese_terms_derived_from_Borneo-Philippines_languages
Primitive_Irish_terms_derived_from_Indo-European_languages
Proto-Brythonic_terms_derived_from_Indo-European_languages
Proto-Lampungic_terms_derived_from_Proto-Malayo-Polynesian
Proto-Malayic_terms_derived_from_Malayo-Sumbawan_languages
Proto-Malayo-Polynesian_terms_derived_from_other_languages
Proto-Philippine_terms_derived_from_Austronesian_languages
Proto-Polynesian_terms_derived_from_Austronesian_languages
Proto-South_Sulawesi_terms_derived_from_Proto-Austronesian
Proto-Sunda-Sulawesi_terms_derived_from_Proto-Austronesian
Rembong_terms_derived_from_Proto-Central_Malayo-Polynesian
Rotuman_terms_derived_from_Proto-Eastern_Malayo-Polynesian
Roviana_terms_derived_from_Proto-Eastern_Malayo-Polynesian
Russian_terms_derived_from_Proto-Western_Malayo-Polynesian
Réunion_Creole_French_terms_derived_from_Romance_languages
Scottish_Gaelic_terms_derived_from_Indo-European_languages
Scottish_Gaelic_terms_derived_from_Malayo-Chamic_languages
Scottish_Gaelic_terms_derived_from_West_Germanic_languages
Serbo-Croatian_terms_derived_from_Atlantic-Congo_languages
Serbo-Croatian_terms_derived_from_North_Germanic_languages
Serbo-Croatian_terms_derived_from_Sunda-Sulawesi_languages
South_Marquesan_terms_derived_from_Proto-Malayo-Polynesian
Sumbawa_terms_derived_from_Proto-Western_Malayo-Polynesian
Swedish_terms_derived_from_Proto-Western_Malayo-Polynesian
Tagal_Murut_terms_derived_from_Malayo-Polynesian_languages
Tagalog_terms_derived_from_Proto-Western_Malayo-Polynesian
Takuu_terms_derived_from_Central-Eastern_Oceanic_languages
Terms_derived_from_Proto-Central-Eastern_Malayo-Polynesian
Tikopia_terms_derived_from_Proto-Eastern_Malayo-Polynesian
Tontemboan_terms_derived_from_Borneo-Philippines_languages
Torres_Strait_Creole_terms_derived_from_Germanic_languages
Turkish_terms_derived_from_Proto-Western_Malayo-Polynesian
Uma_terms_derived_from_Western_Malayo-Polynesian_languages
Upper_Sorbian_terms_derived_from_Central_Semitic_languages
Uruangnirin_terms_derived_from_Malayo-Polynesian_languages
Waray-Waray_terms_derived_from_Malayo-Polynesian_languages
West_Coast_Bajau_terms_derived_from_Austronesian_languages
Western_Bukidnon_Manobo_terms_derived_from_other_languages
Yamdena_terms_derived_from_Proto-Central_Malayo-Polynesian
English_terms_derived_from_Australian_Aboriginal_languages
English_words_containing_the_letter_"y"_before_a_consonant
User_talk:Bequw/Alternative_forms_in_proto-languages/reply
User_talk:Bequw/Interwikilink_translation_in_sidebar/reply
User_talk:Bequw/Question_of_the_Day:_Dummy_edits/reply_(2)
User_talk:CodeCat/Appendix:Proto-Germanic/kelþan/reply_(2)
User_talk:CodeCat/Appendix:Proto-Germanic/kelþan/reply_(3)
User_talk:CodeCat/Appendix:Proto-Germanic/kelþan/reply_(4)
User_talk:CodeCat/Automatic_transliteration_of_Greek/reply
User_talk:CodeCat/Bizzare_Latin_template_changes/reply_(2)
User_talk:CodeCat/Bizzare_Latin_template_changes/reply_(3)
User_talk:CodeCat/Bizzare_Latin_template_changes/reply_(4)
User_talk:CodeCat/Bizzare_Latin_template_changes/reply_(5)
User_talk:CodeCat/Bizzare_Latin_template_changes/reply_(6)
User_talk:CodeCat/Bizzare_Latin_template_changes/reply_(7)
User_talk:CodeCat/Bizzare_Latin_template_changes/reply_(8)
User_talk:CodeCat/Cardinal_number,_numeral,_whatever/reply
User_talk:CodeCat/Please_help_trimming_the_transliteration
User_talk:CodeCat/Protection_of_:_Module:en-headword/reply
User_talk:CodeCat/Raw_links_in_Template:ga-noun/reply_(10)
User_talk:CodeCat/Raw_links_in_Template:ga-noun/reply_(11)
User_talk:CodeCat/Raw_links_in_Template:ga-noun/reply_(12)
User_talk:CodeCat/Removing_branches_from_PIE_entries/reply
User_talk:CodeCat/Sort_key_for_Old_and_Middle_French/reply
User_talk:CodeCat/Template:Jpan_vs._Template:lang_ja/reply
User_talk:CodeCat/Template_at_Lichtgeschwindigkeiten/reply
User_talk:CodeCat/mentioning_a_term,_but_not_linking_to_it
User_talk:CodeCat/the_new_version_of_langprefix/reply_(10)
User_talk:CodeCat/the_new_version_of_langprefix/reply_(11)
User_talk:CodeCat/the_new_version_of_langprefix/reply_(12)
User_talk:CodeCat/the_new_version_of_langprefix/reply_(13)
User_talk:CodeCat/the_new_version_of_langprefix/reply_(14)
User_talk:CodeCat/the_new_version_of_langprefix/reply_(15)
User_talk:CodeCat/the_new_version_of_langprefix/reply_(16)
User_talk:CodeCat/the_new_version_of_langprefix/reply_(17)
User_talk:CodeCat/the_new_version_of_langprefix/reply_(18)
User_talk:CodeCat/the_new_version_of_langprefix/reply_(19)
User_talk:CodeCat/the_new_version_of_langprefix/reply_(20)
User_talk:CodeCat/the_new_version_of_langprefix/reply_(21)
User_talk:CodeCat/the_new_version_of_langprefix/reply_(22)
User_talk:CodeCat/the_new_version_of_langprefix/reply_(23)
User_talk:CodeCat/the_new_version_of_langprefix/reply_(24)
User_talk:CodeCat/the_new_version_of_langprefix/reply_(25)
User_talk:CodeCat/the_new_version_of_langprefix/reply_(26)
User_talk:CodeCat/the_new_version_of_langprefix/reply_(27)
User_talk:CodeCat/the_new_version_of_langprefix/reply_(28)
User_talk:CodeCat/the_new_version_of_langprefix/reply_(29)
User_talk:CodeCat/the_new_version_of_langprefix/reply_(30)
User_talk:Internoob/Need_overide_of_Scotus_to_SCOTUS/reply
User_talk:Rising_Sun/Uh,_LQT_mixed_with_regular?/reply_(2)
User_talk:Rising_Sun/Uh,_LQT_mixed_with_regular?/reply_(3)
User_talk:Yair_rand/Cite_with_Reference_Tooltips/reply_(2)
User_talk:Yair_rand/JS_editing_tools_and_entry_unification
User_talk:Yair_rand/Module:etymtree_needs_some_fixes/reply
User_talk:Yair_rand/Your_edit_to_Category:Cities/reply_(2)
User_talk:Yair_rand/rhymesedit_on_German_Wiktionary?/reply
American_Dialect_Society_most_outrageous_words_of_the_year
English_terms_containing_ph_not_derived_from_Ancient_Greek
Most_popular_given_names_in_the_1980s_in_the_United_States
Most_popular_given_names_in_the_1990s_in_the_United_States
Most_popular_given_names_in_the_2000s_in_the_United_States
American_Dialect_Society_most_outrageous_words_of_the_year
English_terms_containing_ph_not_derived_from_Ancient_Greek
great-great-great-great-great-great-great-great-grandchild
great_great_great_great_great_great_great_great_grandchild