C@sfhead-FlatB@InsideChestHigh_C@Palm-FlatB@CenterChesthigh
Rouoyaume_Unni_d'la_Grande_Brétangne_et_d'l'Irlande_du_Nord
fucking_you_get_isn't_worth_the_fucking_you're_going_to_get
great-great-great-great-great-great-great-great-grandfather
great-great-great-great-great-great-great-great-grandmother
great-great-great-great-great-great-great-great-grandparent
great_great_great_great_great_great_great_great_grandfather
great_great_great_great_great_great_great_great_grandmother
great_great_great_great_great_great_great_great_grandparent
hand_that_rocks_the_cradle_is_the_hand_that_rules_the_world
is_fheàrr_an_teine_beag_a_gharas_na_an_teine_mòr_a_loisgeas
is_sona_gach_cuid_an_comaidh;_is_mairg_a_chromadh_'na_aonar
Unsupported_titles/Left_square_bracket_right_square_bracket
I'm_so_meta_even_this_acronym/Icelandic_customs_declaration
Yair_rand/Please_press_this_button_to_test_out_some_scripts
Grease_pit/Standardized_personalizable_inflection_templates
Votes/bt-2009-03/User:Opiaterein_Inflectobot_for_bot_status
Votes/pl-2014-03/CFI:_Removing_usage_in_a_well-known_work_2
Translations/Link_to_a_PART_of_a_foreign_Wiktionary_article
Votes/pl-2014-03/CFI:_Removing_usage_in_a_well-known_work_2
topic_cat_description/Havasupai-Walapai-Yavapai_derivations
'Are'are_terms_derived_from_Proto-Eastern_Malayo-Polynesian
Acehnese_terms_derived_from_Proto-Western_Malayo-Polynesian
Alcozauca_Mixtec_terms_derived_from_Indo-European_languages
Alemannic_German_terms_derived_from_Indo-European_languages
Alemannic_German_terms_derived_from_West_Germanic_languages
Ambonese_Malay_terms_derived_from_Malayo-Sumbawan_languages
Antillean_Creole_terms_derived_from_Indo-European_languages
Balinese_terms_derived_from_Proto-Western_Malayo-Polynesian
Banda_(Indonesia)_terms_derived_from_Austronesian_languages
Baram_Kayan_terms_derived_from_Borneo-Philippines_languages
Bau_Bidayuh_terms_derived_from_Borneo-Philippines_languages
Berbice_Creole_Dutch_terms_by_their_sequences_of_characters
Biak_terms_derived_from_Central_Malayo-Polynesian_languages
Biak_terms_derived_from_Eastern_Malayo-Polynesian_languages
Bima_terms_derived_from_Central_Malayo-Polynesian_languages
Bima_terms_derived_from_Western_Malayo-Polynesian_languages
Buginese_terms_derived_from_Proto-Western_Malayo-Polynesian
Buli_(Indonesia)_terms_derived_from_Proto-Malayo-Polynesian
Calamian_Tagbanwa_terms_derived_from_Austronesian_languages
Central_Melanau_terms_derived_from_Sunda-Sulawesi_languages
Central_Tagbanwa_terms_derived_from_Proto-Malayo-Polynesian
Chamorro_terms_derived_from_Proto-Western_Malayo-Polynesian
Chru_terms_derived_from_Western_Malayo-Polynesian_languages
Classical_Nahuatl_terms_derived_from_Afro-Asiatic_languages
Classical_Syriac_terms_derived_from_Indo-European_languages
Dobu_terms_derived_from_Eastern_Malayo-Polynesian_languages
Eastern_Cham_terms_derived_from_Malayo-Polynesian_languages
Emae_terms_derived_from_Eastern_Malayo-Polynesian_languages
Ende_terms_derived_from_Central_Malayo-Polynesian_languages
English_terms_derived_from_Southwest_Pama-Nyungan_languages
Franco-Provençal_terms_derived_from_Indo-European_languages
French_terms_derived_from_Central-Eastern_Oceanic_languages
Futuna-Aniwa_terms_derived_from_Malayo-Polynesian_languages
Fwâi_terms_derived_from_Eastern_Malayo-Polynesian_languages
Gamilaraay_terms_derived_from_Proto-Central_New_South_Wales
Gayo_terms_derived_from_Western_Malayo-Polynesian_languages
Gela_terms_derived_from_Eastern_Malayo-Polynesian_languages
German_Low_German_terms_derived_from_Afro-Asiatic_languages
German_Low_German_terms_derived_from_Balto-Slavic_languages
German_terms_derived_from_Central-Eastern_Oceanic_languages
Guugu_Yimidhirr_terms_derived_from_Sunda-Sulawesi_languages
Haitian_Creole_terms_derived_from_Central_Semitic_languages
Hano_terms_derived_from_Eastern_Malayo-Polynesian_languages
Hawaiian_terms_derived_from_Proto-Eastern_Malayo-Polynesian
Iban_terms_derived_from_Western_Malayo-Polynesian_languages
Japanese_terms_with_deprecated_headword_template_formatting
Javanese_terms_derived_from_Proto-Western_Malayo-Polynesian
Jawe_terms_derived_from_Eastern_Malayo-Polynesian_languages
Kamarian_terms_derived_from_Proto-Central_Malayo-Polynesian
Kapampangan_terms_derived_from_Borneo-Philippines_languages
Karipúna_Creole_French_terms_derived_from_Romance_languages
Komering_terms_derived_from_Proto-Western_Malayo-Polynesian
Komi-Permyak_terms_derived_from_Malayo-Polynesian_languages
Kosraean_terms_derived_from_Proto-Eastern_Malayo-Polynesian
Latin_adjectives_having_red_links_in_their_declension_table
Latvian_j/v_type_(with_lengthening)_first_conjugation_verbs
Latvian_n/v_type_(with_lengthening)_first_conjugation_verbs
Latvian_s/d_type_(with_lengthening)_first_conjugation_verbs
Latvian_s/t_type_(with_lengthening)_first_conjugation_verbs
Leti_(Indonesia)_terms_derived_from_Proto-Malayo-Polynesian
Leti_terms_derived_from_Central_Malayo-Polynesian_languages
Logudorese_Sardinian_terms_derived_from_Proto-Indo-European
Louisiana_Creole_French_terms_derived_from_Italic_languages
Lusi_terms_derived_from_Eastern_Malayo-Polynesian_languages
Madurese_terms_derived_from_Proto-Western_Malayo-Polynesian
Malagasy_terms_derived_from_Proto-Western_Malayo-Polynesian
Mandarin_terms_in_traditional_script_derived_from_Cantonese
Mauritian_Creole_terms_derived_from_Indo-European_languages
Megleno-Romanian_terms_derived_from_Indo-European_languages
Mentawai_terms_derived_from_Proto-Western_Malayo-Polynesian
Meriam_terms_derived_from_Central-Eastern_Oceanic_languages
Middle_Irish_terms_derived_from_Northwest_Semitic_languages
Middle_Persian_terms_derived_from_Central_Semitic_languages
Moronene_terms_derived_from_Proto-Western_Malayo-Polynesian
Motu_terms_derived_from_Eastern_Malayo-Polynesian_languages
Mussau-Emira_terms_derived_from_Malayo-Polynesian_languages
Nemi_terms_derived_from_Eastern_Malayo-Polynesian_languages
Nias_terms_derived_from_Western_Malayo-Polynesian_languages
Nigerian_Pidgin_terms_derived_from_Atlantic-Congo_languages
Niuean_terms_derived_from_Central-Eastern_Oceanic_languages
North_Levantine_Arabic_terms_derived_from_Iranian_languages
North_Marquesan_terms_derived_from_Proto-Eastern_Polynesian
North_Marquesan_terms_derived_from_Proto-Nuclear_Polynesian
Northern_Kurdish_terms_derived_from_Indo-European_languages
Northern_Roglai_terms_derived_from_Sunda-Sulawesi_languages
Norwegian_Bokmål_terms_derived_from_Indo-European_languages
Norwegian_Bokmål_terms_derived_from_West_Germanic_languages
Norwegian_Nynorsk_terms_derived_from_Afro-Asiatic_languages
Norwegian_Nynorsk_terms_derived_from_Indo-Iranian_languages
Old_Armenian_terms_derived_from_Northwest_Semitic_languages
Old_Javanese_terms_derived_from_Malayo-Polynesian_languages
Old_Portuguese_terms_derived_from_Central_Semitic_languages
Old_South_Arabian_terms_derived_from_Afro-Asiatic_languages
Onin_terms_derived_from_Central_Malayo-Polynesian_languages
Pije_terms_derived_from_Eastern_Malayo-Polynesian_languages
Pitcairn-Norfolk_terms_derived_from_Indo-European_languages
Pitcairn-Norfolk_terms_derived_from_West_Germanic_languages
Proto-Eastern_Polynesian_terms_derived_from_other_languages
Proto-Kartvelian_terms_derived_from_Indo-European_languages
Proto-Malayo-Chamic_terms_derived_from_Proto-Sunda-Sulawesi
Proto-Malayo-Sumbawan_terms_derived_from_Proto-Austronesian
Proto-Nuclear_Polynesian_terms_derived_from_other_languages
Proto-Philippine_terms_derived_from_Proto-Malayo-Polynesian
Proto-Polynesian_terms_derived_from_Proto-Malayo-Polynesian
Rade_terms_derived_from_Western_Malayo-Polynesian_languages
Rapa_Nui_terms_derived_from_Proto-Eastern_Malayo-Polynesian
Rejang_Kayan_terms_derived_from_Malayo-Polynesian_languages
Requests_for_cleanup_(American_Sign_Language_headword_line)
Roro_terms_derived_from_Eastern_Malayo-Polynesian_languages
Sabah_Bisaya_terms_derived_from_Malayo-Polynesian_languages
Sabu_terms_derived_from_Central_Malayo-Polynesian_languages
Samoan_Plantation_Pidgin_terms_derived_from_other_languages
Samoan_terms_derived_from_Central-Eastern_Oceanic_languages
Sauraseni_Prakrit_terms_derived_from_Indo-Iranian_languages
Scottish_Gaelic_terms_derived_from_North_Germanic_languages
Scottish_Gaelic_terms_derived_from_Sunda-Sulawesi_languages
Serbo-Croatian_terms_derived_from_Central_Semitic_languages
Serbo-Croatian_terms_derived_from_Malayo-Sumbawan_languages
Sika_terms_derived_from_Central_Malayo-Polynesian_languages
Sika_terms_derived_from_Western_Malayo-Polynesian_languages
Simeulue_terms_derived_from_Proto-Western_Malayo-Polynesian
South_Marquesan_terms_derived_from_Proto-Eastern_Polynesian
South_Marquesan_terms_derived_from_Proto-Nuclear_Polynesian
Tae'_terms_derived_from_Western_Malayo-Polynesian_languages
Tahitian_terms_derived_from_Proto-Eastern_Malayo-Polynesian
Thai_terms_derived_from_Western_Malayo-Polynesian_languages
Tongan_terms_derived_from_Central-Eastern_Oceanic_languages
Torres_Strait_Creole_terms_by_their_sequences_of_characters
Translingual_terms_derived_from_Ethiopian_Semitic_languages
Translingual_terms_derived_from_Malayo-Polynesian_languages
Translingual_terms_derived_from_Northwest_Semitic_languages
Tsat_terms_derived_from_Western_Malayo-Polynesian_languages
Tukudede_terms_derived_from_Proto-Central_Malayo-Polynesian
Tuvaluan_terms_derived_from_Proto-Eastern_Malayo-Polynesian
Uab_Meto_terms_derived_from_Proto-Central_Malayo-Polynesian
Urdu_terms_derived_from_Western_Malayo-Polynesian_languages
Waray-Waray_terms_derived_from_Borneo-Philippines_languages
West_Coast_Bajau_terms_derived_from_Malayo-Chamic_languages
West_Coast_Bajau_terms_derived_from_Proto-Malayo-Polynesian
Western_Bukidnon_Manobo_terms_derived_from_Proto-Philippine
Western_Cham_terms_derived_from_Malayo-Polynesian_languages
Western_Mari_terms_derived_from_Malayo-Polynesian_languages
Woleaian_terms_derived_from_Proto-Eastern_Malayo-Polynesian
Yami_terms_derived_from_Western_Malayo-Polynesian_languages
Yatzachi_Zapotec_terms_derived_from_Indo-European_languages
Zoogocho_Zapotec_terms_derived_from_Indo-European_languages
User_talk:CodeCat/Category:German_irregular_verbs/reply_(2)
User_talk:CodeCat/Category:German_irregular_verbs/reply_(3)
User_talk:CodeCat/Category:German_irregular_verbs/reply_(4)
User_talk:CodeCat/Category:German_irregular_verbs/reply_(5)
User_talk:CodeCat/MewBot,_sort_keys,_and_tone_numbers/reply
User_talk:CodeCat/Module:si-translit_for_Sinhalese,_please?
User_talk:CodeCat/Module:trans-table_/_Template:trans-table
User_talk:CodeCat/Old_English_Adjective_templates/reply_(2)
User_talk:CodeCat/Old_English_Adjective_templates/reply_(3)
User_talk:CodeCat/Old_English_Adjective_templates/reply_(4)
User_talk:CodeCat/Old_English_Adjective_templates/reply_(5)
User_talk:CodeCat/Old_English_Adjective_templates/reply_(6)
User_talk:CodeCat/Old_English_Adjective_templates/reply_(7)
User_talk:CodeCat/Old_English_Adjective_templates/reply_(8)
User_talk:CodeCat/Old_English_Adjective_templates/reply_(9)
User_talk:CodeCat/Transliteration_of_ᛉ_in_the_Elder_Futhark
User_talk:CodeCat/West_Germanic_infinitive_suffix/reply_(2)
User_talk:CodeCat/West_Germanic_infinitive_suffix/reply_(3)
User_talk:CodeCat/West_Germanic_infinitive_suffix/reply_(4)
User_talk:CodeCat/Your_Comment_on_the_Etymology_of_"Tauber"
User_talk:CodeCat/rollback_on_Israel_(wiktionary)/reply_(2)
User_talk:Internoob/Template_talk:fr-noun_fr-noun_templates
User_talk:Internoob/The_14th_sense_you_added_to_à/reply_(2)
User_talk:Internoob/The_14th_sense_you_added_to_à/reply_(3)
User_talk:Internoob/The_14th_sense_you_added_to_à/reply_(4)
User_talk:Internoob/The_14th_sense_you_added_to_à/reply_(5)
User_talk:Kephir/Your_edit_on_User:Conrad.Irwin/creation.js
User_talk:LA2/Iit:Wikizionario:Bar_Italian_in_en.wiktionary
User_talk:Leolaursen/Wiktionary:Votes/2010-04/Voting_policy
User_talk:Yair_rand/Current_version_of_the_script_css/reply
User_talk:Yair_rand/Template:index/Serbo-Croatian/reply_(2)
User_talk:Yair_rand/Template:index/Serbo-Croatian/reply_(3)
User_talk:Yair_rand/Template:index/Serbo-Croatian/reply_(4)
User_talk:Yair_rand/Template:index/Serbo-Croatian/reply_(5)
User_talk:Yair_rand/Template:index/Serbo-Croatian/reply_(6)
User_talk:Yair_rand/Template:index/Serbo-Croatian/reply_(7)
User_talk:Yair_rand/Template:index/Serbo-Croatian/reply_(8)
User_talk:Yair_rand/Template:index/Serbo-Croatian/reply_(9)
User_talk:Yair_rand/Translations_from_an_Xml_dump/reply_(2)
User_talk:Yair_rand/Translations_from_an_Xml_dump/reply_(3)
User_talk:Yair_rand/Translations_from_an_Xml_dump/reply_(4)
User_talk:Yair_rand/Translations_from_an_Xml_dump/reply_(5)
User_talk:Yair_rand/Translations_from_an_Xml_dump/reply_(6)
User_talk:Yair_rand/Translations_from_an_Xml_dump/reply_(7)
User_talk:Yair_rand/Translations_from_an_Xml_dump/reply_(8)
User_talk:Yair_rand/Translations_from_an_Xml_dump/reply_(9)
User_talk:Yair_rand/editor.js/cursor_changes_to_arrow/reply
User_talk:Yair_rand/editor2.js/whitespace_when_adding_gloss
User_talk:Yair_rand/linebreak_after/before_header/reply_(2)
User_talk:Yair_rand/linebreak_after/before_header/reply_(3)
User_talk:Yair_rand/linebreak_after/before_header/reply_(4)
User_talk:Yair_rand/linebreak_after/before_header/reply_(5)
User_talk:Yair_rand/linebreak_after/before_header/reply_(6)
User_talk:Yair_rand/linebreak_after/before_header/reply_(7)
User_talk:Yair_rand/wsedit.js/mouseover_drop-down/reply_(2)
User_talk:Yair_rand/wsedit.js/mouseover_drop-down/reply_(3)
Luxembourgish_false_cognates_and_false_friends_with_English
Proto-Slavic_interrogatives,_demonstratives_and_indefinites
Unsupported_titles/Left_square_bracket_right_square_bracket
great-great-great-great-great-great-great-great-grandfather
great-great-great-great-great-great-great-great-grandmother
great-great-great-great-great-great-great-great-grandparent
great_great_great_great_great_great_great_great_grandfather
great_great_great_great_great_great_great_great_grandmother
great_great_great_great_great_great_great_great_grandparent