An_Rìoghachd_Aonaichte_na_Breatainn_Mhòr_agus_Eirinn_a_Tuath
H@BackFinger-FingerAcrossPalmDown-H@CenterChesthigh-PalmDown
Ríocht_Aontaithe_na_Breataine_Móire_agus_Thuaisceart_Éireann
great-great-great-great-great-great-great-great-grandfathers
great-great-great-great-great-great-great-great-grandmothers
great-great-great-great-great-great-great-great-grandparents
great_great_great_great_great_great_great_great_grandfathers
great_great_great_great_great_great_great_great_grandmothers
great_great_great_great_great_great_great_great_grandparents
géarpholaifhréamhán-néarapaite_dhímhiailinitheach_athlastach
you_don't_need_a_weatherman_to_know_which_way_the_wind_blows
Connel_MacKenzie/redirects/es_plural_redirecting_to_singular
Dan_Polansky/Roget_MICRA/Class_III._Words_Relating_to_Matter
Juho/Thoughts_on_improving_syntax_and_software_for_wikipedia
Juxo/Thoughts_on_improving_syntax_and_software_for_wikipedia
Pepsi_Lite/Differences_between_standard_Croatian_and_Serbian
Connel_MacKenzie/redirects/es_plural_redirecting_to_singular
Dmh/words:Variants_of_god,gosh,gol-damn,dang,darn,durn-it,ed
Pepsi_Lite/Differences_between_standard_Croatian_and_Serbian
Project_-_Spanish/Spanish_nouns_without_inflection_templates
Requests_for_verification/archive/March_2010/Software_titles
Votes/pl-2011-02/Deprecating_less-than_symbol_in_etymologies
Votes/pl-2011-02/Deprecating_less-than_symbol_in_etymologies
grc-cite-Thucydides-History_of_the_Peloponnesian_War-chapcon
topic_cat_description/Western_Highland_Purepecha_derivations
Alune_terms_derived_from_Central_Malayo-Polynesian_languages
American_Sign_Language_terms_derived_from_Germanic_languages
Ancient_Greek_terms_derived_from_Northwest_Semitic_languages
Anuta_terms_derived_from_Eastern_Malayo-Polynesian_languages
Araki_terms_derived_from_Eastern_Malayo-Polynesian_languages
Arosi_terms_derived_from_Eastern_Malayo-Polynesian_languages
Banjarese_terms_derived_from_Proto-Western_Malayo-Polynesian
Batak_terms_derived_from_Western_Malayo-Polynesian_languages
Bikol_Central_terms_derived_from_Malayo-Polynesian_languages
Bikol_terms_derived_from_Western_Malayo-Polynesian_languages
Bilba_terms_derived_from_Central_Malayo-Polynesian_languages
Bilba_terms_derived_from_Western_Malayo-Polynesian_languages
Bishnupriya_Manipuri_terms_derived_from_Indo-Aryan_languages
Bislama_terms_derived_from_Central-Eastern_Oceanic_languages
Brunei_Bisaya_terms_derived_from_Malayo-Polynesian_languages
Bulgarian_terms_derived_from_Proto-Western_Malayo-Polynesian
Calamian_Tagbanwa_terms_derived_from_Proto-Malayo-Polynesian
Campidanese_Sardinian_terms_by_their_sequences_of_characters
Campidanese_Sardinian_terms_derived_from_Proto-Indo-European
Cappadocian_Greek_terms_derived_from_Indo-European_languages
Casiguran_Dumagat_Agta_terms_derived_from_Proto-Austronesian
Central_Berawan_terms_derived_from_North_Sarawakan_languages
Central_Dusun_terms_derived_from_Malayo-Polynesian_languages
Central_Kurdish_terms_derived_from_Central_Semitic_languages
Central_Melanau_terms_derived_from_Central_Semitic_languages
Central_Melanau_terms_derived_from_Malayo-Sumbawan_languages
Central_Melanau_terms_derived_from_North_Sarawakan_languages
Classical_Nahuatl_terms_derived_from_Indo-European_languages
Crimean_Tatar_terms_derived_from_Northwest_Semitic_languages
Czech_terms_derived_from_Western_Malayo-Polynesian_languages
Dutch_terms_derived_from_Western_Malayo-Polynesian_languages
Egyptian_Arabic_terms_derived_from_Central_Semitic_languages
English_terms_derived_from_Central-Eastern_Oceanic_languages
English_terms_derived_from_Central_New_South_Wales_languages
English_words_with_different_meanings_in_different_locations
Faroese_terms_derived_from_Central-Eastern_Oceanic_languages
Finnish_terms_derived_from_Central-Eastern_Oceanic_languages
German_Low_German_terms_derived_from_Indo-European_languages
German_Low_German_terms_derived_from_West_Germanic_languages
German_adjectives_having_red_links_in_their_declension_table
Greek_terms_derived_from_Western_Malayo-Polynesian_languages
Greenlandic_Eskimo_Pidgin_terms_derived_from_other_languages
Guugu_Yimidhirr_terms_derived_from_Malayo-Sumbawan_languages
Haeke_terms_derived_from_Eastern_Malayo-Polynesian_languages
Haroi_terms_derived_from_Western_Malayo-Polynesian_languages
Hindi_terms_derived_from_Western_Malayo-Polynesian_languages
Hiri_Motu_terms_derived_from_Proto-Eastern_Malayo-Polynesian
Irish_terms_derived_from_Western_Malayo-Polynesian_languages
Isnag_terms_derived_from_Western_Malayo-Polynesian_languages
Isthmus-Mecayapan_Nahuatl_terms_derived_from_other_languages
Jarai_terms_derived_from_Western_Malayo-Polynesian_languages
Kankanaey_terms_derived_from_Proto-Western_Malayo-Polynesian
Kemak_terms_derived_from_Central_Malayo-Polynesian_languages
Khmer_terms_derived_from_Western_Malayo-Polynesian_languages
Kiput_terms_derived_from_Western_Malayo-Polynesian_languages
Kisar_terms_derived_from_Central_Malayo-Polynesian_languages
Kriol_terms_derived_from_Western_Malayo-Polynesian_languages
Lamaholot_terms_derived_from_Proto-Central_Malayo-Polynesian
Latin_terms_derived_from_Western_Malayo-Polynesian_languages
Louisiana_Creole_French_terms_derived_from_Romance_languages
Lower_Sorbian_terms_derived_from_Malayo-Polynesian_languages
Lower_Sorbian_terms_derived_from_Northwest_Semitic_languages
Luxembourgish_terms_derived_from_Malayo-Polynesian_languages
Luxembourgish_terms_derived_from_Northwest_Semitic_languages
Malaccan_Creole_Portuguese_terms_derived_from_Old_Portuguese
Malay_terms_derived_from_Western_Malayo-Polynesian_languages
Malecite-Passamaquoddy_terms_derived_from_Germanic_languages
Manam_terms_derived_from_Eastern_Malayo-Polynesian_languages
Manggarai_terms_derived_from_Proto-Central_Malayo-Polynesian
Manichaean_Middle_Persian_terms_derived_from_other_languages
Maori_terms_derived_from_Eastern_Malayo-Polynesian_languages
Maroon_Spirit_Language_terms_derived_from_Germanic_languages
Middle_Armenian_terms_derived_from_Central_Semitic_languages
Middle_Low_German_terms_derived_from_Indo-European_languages
Middle_Low_German_terms_derived_from_West_Germanic_languages
Moroccan_Arabic_terms_derived_from_Central_Semitic_languages
Nauna_terms_derived_from_Eastern_Malayo-Polynesian_languages
Ngaju_terms_derived_from_Western_Malayo-Polynesian_languages
Niuafo'ou_terms_derived_from_Proto-Eastern_Malayo-Polynesian
Northern_Roglai_terms_derived_from_Malayo-Sumbawan_languages
Northern_Sami_terms_derived_from_Northwest_Semitic_languages
Norwegian_Bokmål_terms_derived_from_North_Germanic_languages
Norwegian_Nynorsk_terms_derived_from_Indo-European_languages
Norwegian_Nynorsk_terms_derived_from_West_Germanic_languages
Norwegian_terms_derived_from_Proto-Western_Malayo-Polynesian
Nouns_having_red_links_in_their_declension_table_by_language
Nukuoro_terms_derived_from_Central-Eastern_Oceanic_languages
Old_East_Slavic_terms_derived_from_Central_Semitic_languages
Ottoman_Turkish_terms_derived_from_Central_Semitic_languages
Padoe_terms_derived_from_Western_Malayo-Polynesian_languages
Penrhyn_terms_derived_from_Central-Eastern_Oceanic_languages
Pijin_terms_derived_from_Eastern_Malayo-Polynesian_languages
Pohnpeian_terms_derived_from_Proto-Eastern_Malayo-Polynesian
Proto-Eastern_Polynesian_terms_derived_from_Proto-Polynesian
Proto-Malayic_terms_derived_from_Malayo-Polynesian_languages
Proto-Malayo-Chamic_terms_derived_from_Proto-Malayo-Sumbawan
Proto-Nuclear_Polynesian_terms_derived_from_Proto-Polynesian
Proto-Oceanic_terms_derived_from_Malayo-Polynesian_languages
Proto-South_Sulawesi_terms_derived_from_Proto-Sunda-Sulawesi
Rejang_Kayan_terms_derived_from_Borneo-Philippines_languages
Requests_for_production_photographs_(American_Sign_Language)
Rotuman_terms_derived_from_Central-Eastern_Oceanic_languages
Sabah_Bisaya_terms_derived_from_Borneo-Philippines_languages
Sasak_terms_derived_from_Western_Malayo-Polynesian_languages
Saterland_Frisian_terms_derived_from_Indo-European_languages
Saterland_Frisian_terms_derived_from_West_Germanic_languages
Sauraseni_Prakrit_terms_derived_from_Indo-European_languages
Scottish_Gaelic_terms_derived_from_Central_Semitic_languages
Scottish_Gaelic_terms_derived_from_Malayo-Sumbawan_languages
Sekar_terms_derived_from_Central_Malayo-Polynesian_languages
Sundanese_terms_derived_from_Proto-Western_Malayo-Polynesian
Takuu_terms_derived_from_Eastern_Malayo-Polynesian_languages
Tamil_terms_derived_from_Western_Malayo-Polynesian_languages
Tboli_terms_derived_from_Western_Malayo-Polynesian_languages
Terms_having_red_links_in_their_inflection_table_by_language
Tetum_terms_derived_from_Central_Malayo-Polynesian_languages
Tetum_terms_derived_from_Eastern_Malayo-Polynesian_languages
Tetum_terms_derived_from_Western_Malayo-Polynesian_languages
Tikopia_terms_derived_from_Central-Eastern_Oceanic_languages
Timugon_Murut_terms_derived_from_Malayo-Polynesian_languages
To'abaita_terms_derived_from_Proto-Eastern_Malayo-Polynesian
Tokelauan_terms_derived_from_Proto-Eastern_Malayo-Polynesian
Tolai_terms_derived_from_Eastern_Malayo-Polynesian_languages
Torres_Strait_Creole_terms_derived_from_Philippine_languages
Tuwali_Ifugao_terms_derived_from_Malayo-Polynesian_languages
Upper_Sorbian_terms_derived_from_Northwest_Semitic_languages
Vurës_terms_derived_from_Eastern_Malayo-Polynesian_languages
Wallisian_terms_derived_from_Proto-Eastern_Malayo-Polynesian
Wangaaybuwan-Ngiyambaa_terms_derived_from_Germanic_languages
Wangaaybuwan-Ngiyambaa_terms_derived_from_Proto-Pama-Nyungan
West_Coast_Bajau_terms_derived_from_Sunda-Sulawesi_languages
Wolio_terms_derived_from_Western_Malayo-Polynesian_languages
Yakan_terms_derived_from_Western_Malayo-Polynesian_languages
Yuaga_terms_derived_from_Eastern_Malayo-Polynesian_languages
en:Placenames_of_Native_American_origin_in_the_United_States
English_words_with_different_meanings_in_different_locations
User_talk:Bequw/English_Etymology_sections_without_templates
User_talk:Bequw/Usability_Initiative_(Vector)_Rollout_Coming
User_talk:Bequw/Wiktionary:Votes/2011-07/Categories_of_names
User_talk:Catsidhe/Comments_on_your_Old_Irish_subpages/reply
User_talk:CodeCat/Category:Proto-Slavic_verbs_in_a_consonant
User_talk:CodeCat/Created_a_wrong_category_by_accident/reply
User_talk:CodeCat/Default_value_for_lang_in_script_templates
User_talk:CodeCat/Editing_Appendix:Somali_Swadesh_list/reply
User_talk:CodeCat/Finnish_words_that_do_not_transclude/reply
User_talk:CodeCat/Help_with_Proto_categories/templates/reply
User_talk:CodeCat/Hey,_guy,_it's_MY_contributions!/reply_(2)
User_talk:CodeCat/Hey,_guy,_it's_MY_contributions!/reply_(3)
User_talk:CodeCat/Hey,_guy,_it's_MY_contributions!/reply_(4)
User_talk:CodeCat/Hey,_guy,_it's_MY_contributions!/reply_(5)
User_talk:CodeCat/Hey,_guy,_it's_MY_contributions!/reply_(6)
User_talk:CodeCat/Module:languages_translit_module/reply_(2)
User_talk:CodeCat/Module:languages_translit_module/reply_(3)
User_talk:CodeCat/Module:languages_translit_module/reply_(4)
User_talk:CodeCat/Module:languages_translit_module/reply_(5)
User_talk:CodeCat/Module:languages_translit_module/reply_(6)
User_talk:CodeCat/Module:languages_translit_module/reply_(7)
User_talk:CodeCat/Module:languages_translit_module/reply_(8)
User_talk:CodeCat/Module:languages_translit_module/reply_(9)
User_talk:CodeCat/Perfective_and_imperfectie_forms/reply_(2)
User_talk:CodeCat/Perfective_and_imperfectie_forms/reply_(3)
User_talk:CodeCat/Perfective_and_imperfectie_forms/reply_(4)
User_talk:CodeCat/Perfective_and_imperfectie_forms/reply_(5)
User_talk:CodeCat/Perfective_and_imperfectie_forms/reply_(6)
User_talk:CodeCat/Perfective_and_imperfectie_forms/reply_(7)
User_talk:CodeCat/Perfective_and_imperfectie_forms/reply_(8)
User_talk:CodeCat/Perfective_and_imperfectie_forms/reply_(9)
User_talk:CodeCat/Proto-Germanic_ancestor_of_meðan/reply_(2)
User_talk:CodeCat/Recent_edits_and_accelerating_es-adj_forms
User_talk:CodeCat/Removing_asterisks_before_unattested_terms
User_talk:CodeCat/Requested_Entries_for_Xhosa_and_Zulu/reply
User_talk:CodeCat/Sh_in_stead_of_mk_for_Macedonian/reply_(2)
User_talk:CodeCat/Some_cases_where_MewBot_is_breaking_"head"
User_talk:CodeCat/Suggestion_for_whittling_down_Term_cleanup
User_talk:CodeCat/Template:diminutive_of,_tr_parameter/reply
User_talk:CodeCat/_ru-verb-1-impf_and_ru-verb-1-pf/reply_(2)
User_talk:CodeCat/_ru-verb-1-impf_and_ru-verb-1-pf/reply_(3)
User_talk:CodeCat/_ru-verb-1-impf_and_ru-verb-1-pf/reply_(4)
User_talk:CodeCat/sort_key_in_Greek_headword_lines/reply_(2)
User_talk:CodeCat/sort_key_in_Greek_headword_lines/reply_(3)
User_talk:CodeCat/sort_key_in_Greek_headword_lines/reply_(4)
User_talk:CodeCat/sort_key_in_Greek_headword_lines/reply_(5)
User_talk:CodeCat/sort_key_in_Greek_headword_lines/reply_(6)
User_talk:CodeCat/sort_key_in_Greek_headword_lines/reply_(7)
User_talk:CodeCat/sort_key_in_Greek_headword_lines/reply_(8)
User_talk:CodeCat/sort_key_in_Greek_headword_lines/reply_(9)
User_talk:Kephir/Combining_noun-class_with_aspect./reply_(2)
User_talk:Kephir/Combining_noun-class_with_aspect./reply_(3)
User_talk:Kephir/Combining_noun-class_with_aspect./reply_(4)
User_talk:Kephir/Combining_noun-class_with_aspect./reply_(5)
User_talk:Kephir/Combining_noun-class_with_aspect./reply_(6)
User_talk:Kephir/Combining_noun-class_with_aspect./reply_(7)
User_talk:Kephir/Combining_noun-class_with_aspect./reply_(8)
User_talk:Kephir/Combining_noun-class_with_aspect./reply_(9)
User_talk:Kephir/More_transliteration_modules,_please?/reply
User_talk:TheDaveRoss/Moving_Wikisaurus:homosexual/reply_(2)
User_talk:Yair_rand/MediaWiki:Gadget-FastRevert.js/reply_(2)
User_talk:Yair_rand/Template:index/Serbo-Croatian/reply_(10)
User_talk:Yair_rand/Template:index/Serbo-Croatian/reply_(11)
User_talk:Yair_rand/activing_tabed_language_in_fa.wikt/reply
User_talk:Yair_rand/newentrywiz.js/MediaWiki:Edittools/reply
English_terms_of_Native_Central_American_or_Caribbean_origin
English_terms_of_Native_Central_American_or_Caribbean_origin
great-great-great-great-great-great-great-great-grandfathers
great-great-great-great-great-great-great-great-grandmothers
great-great-great-great-great-great-great-great-grandparents
great_great_great_great_great_great_great_great_grandfathers
great_great_great_great_great_great_great_great_grandmothers
great_great_great_great_great_great_great_great_grandparents
Template:R:The_Bokmål_and_Nynorsk_dictionaries/documentation