BentB@BackHand-PalmDown-FlatB@CenterChesthigh-PalmDown_Contact
godt_ville_meget_være,_hvis_hver_levede_sit_liv_og_ikke_andres
great-great-great-great-great-great-great-great-granddaughters
great-great-great-great-great-great-great-great-great-grandson
great_great_great_great_great_great_great_great_granddaughters
great_great_great_great_great_great_great_great_great_grandson
hoeng1gong2_jyu5jin4hok6_hok6wui6_jyut6jyu5_ping3jam1_fong1on3
is_that_a_gun_in_your_pocket_or_are_you_just_pleased_to_see_me
there_may_be_snow_on_the_roof_but_there_is_fire_in_the_furnace
hoeng1gong2_jyu5jin4hok6_hok6wui6_jyut6jyu5_ping3jam1_fong1on3
Gilgamesh/English_spelling_rhymes_with_non-rhyming_members/row
Gilgamesh/English_spelling_rhymes_with_non-rhyming_members/top
About_Spanish/Todo/Spanish_verbs_without_conjugation_templates
Frequency_lists/French_wordlist_opensubtitles_10001-15000.wiki
Frequency_lists/French_wordlist_opensubtitles_15001-20000.wiki
Votes/2007-08/Layout_of_example_sentences_for_Japanese_entries
Votes/pl-2009-03/Removing_vote_requirements_for_policy_changes
Votes/pl-2011-05/Add_en:_to_English_topical_categories,_part_2
Votes/pl-2012-02/Handling_of_superscript_and_subscript_letters
Votes/pl-2012-03/Removing_vote_requirements_for_policy_changes
Votes/pl-2012-04/Editing_the_"part_of_speech"_paragraph_in_ELE
Votes/pl-2012-02/Handling_of_superscript_and_subscript_letters
Votes/pl-2012-04/Editing_the_"part_of_speech"_paragraph_in_ELE
Turkish_identically_written_words_pronounciation/documentation
topic_cat_description/Autonomous_republics_of_the_Soviet_Union
topic_cat_description/Terms_derived_from_constructed_languages
unicode_scripts/Unified_Canadian_Aboriginal_Syllabics_Extended
Afrikaans_terms_derived_from_Central-Eastern_Oceanic_languages
Aklanon_terms_derived_from_Western_Malayo-Polynesian_languages
Alu_terms_derived_from_Proto-Central-Eastern_Malayo-Polynesian
Asilulu_terms_derived_from_Central_Malayo-Polynesian_languages
Banggai_terms_derived_from_Western_Malayo-Polynesian_languages
Baram_Kayan_terms_derived_from_Proto-Western_Malayo-Polynesian
Bau_Bidayuh_terms_derived_from_Proto-Western_Malayo-Polynesian
Bengali_terms_derived_from_Western_Malayo-Polynesian_languages
Berawan_terms_derived_from_Western_Malayo-Polynesian_languages
Bintulu_terms_derived_from_Western_Malayo-Polynesian_languages
Bishnupriya_Manipuri_terms_derived_from_Indo-Iranian_languages
Bislama_terms_derived_from_Eastern_Malayo-Polynesian_languages
Bughotu_terms_derived_from_Eastern_Malayo-Polynesian_languages
Burmese_terms_derived_from_Western_Malayo-Polynesian_languages
Casiguran_Dumagat_Agta_terms_derived_from_Philippine_languages
Catalan_terms_derived_from_Western_Malayo-Polynesian_languages
Cebuano_terms_derived_from_Western_Malayo-Polynesian_languages
Central_Berawan_terms_derived_from_Malayo-Polynesian_languages
Central_Melanau_terms_derived_from_Malayo-Polynesian_languages
Cia-Cia_terms_derived_from_Western_Malayo-Polynesian_languages
Classical_Nahuatl_terms_derived_from_Central_Semitic_languages
Coastal_Kadazan_terms_derived_from_Malayo-Polynesian_languages
Dupaninan_Agta_terms_derived_from_Borneo-Philippines_languages
East_Futuna_terms_derived_from_Proto-Eastern_Malayo-Polynesian
Embaloh_terms_derived_from_Western_Malayo-Polynesian_languages
English_terms_derived_from_Eastern_Malayo-Polynesian_languages
English_terms_derived_from_Western_Malayo-Polynesian_languages
English_words_not_following_the_I_before_E_except_after_C_rule
Esperanto_terms_derived_from_Central-Eastern_Oceanic_languages
Faroese_terms_derived_from_Eastern_Malayo-Polynesian_languages
Finnish_terms_derived_from_Eastern_Malayo-Polynesian_languages
Finnish_terms_derived_from_Western_Malayo-Polynesian_languages
Gallurese_Sardinian_terms_derived_from_Indo-European_languages
German_Low_German_terms_derived_from_Central_Semitic_languages
Guugu_Yimidhirr_terms_derived_from_Malayo-Polynesian_languages
Hanunoo_terms_derived_from_Western_Malayo-Polynesian_languages
Ilocano_terms_derived_from_Eastern_Malayo-Polynesian_languages
Ilocano_terms_derived_from_Western_Malayo-Polynesian_languages
Ilongot_terms_derived_from_Western_Malayo-Polynesian_languages
Irarutu_terms_derived_from_Central_Malayo-Polynesian_languages
Isthmus-Mecayapan_Nahuatl_terms_derived_from_Romance_languages
Italian_terms_derived_from_Western_Malayo-Polynesian_languages
Kambera_terms_derived_from_Central_Malayo-Polynesian_languages
Kambera_terms_derived_from_Western_Malayo-Polynesian_languages
Kapampangan_terms_derived_from_Proto-Western_Malayo-Polynesian
Kedah_Malay_terms_derived_from_Proto-Western_Malayo-Polynesian
Kelabit_terms_derived_from_Western_Malayo-Polynesian_languages
Kinyarwanda_terms_derived_from_Proto-Western_Malayo-Polynesian
Komi-Zyrian_terms_derived_from_Proto-Western_Malayo-Polynesian
Lampung_Api_terms_derived_from_Proto-Western_Malayo-Polynesian
Latvian_i/e/i-n_type_(with_shortening)_first_conjugation_verbs
Latvian_ie/e-j_type_(with_lengthening)_first_conjugation_verbs
Latvian_palatalizing_(with_shortening)_first_conjugation_verbs
Latvian_s/d_type_(with_diphthongizing)_first_conjugation_verbs
Latvian_s/t_type_(with_diphthongizing)_first_conjugation_verbs
Latvian_terms_derived_from_Western_Malayo-Polynesian_languages
Lau_terms_derived_from_Proto-Central-Eastern_Malayo-Polynesian
Lou_terms_derived_from_Proto-Central-Eastern_Malayo-Polynesian
Makasar_terms_derived_from_Western_Malayo-Polynesian_languages
Malaccan_Creole_Portuguese_terms_derived_from_Italic_languages
Manichaean_Middle_Persian_terms_derived_from_Iranian_languages
Mansaka_terms_derived_from_Western_Malayo-Polynesian_languages
Maranao_terms_derived_from_Western_Malayo-Polynesian_languages
Marshallese_terms_derived_from_Proto-Eastern_Malayo-Polynesian
Mayoyao_Ifugao_terms_derived_from_Borneo-Philippines_languages
Minangkabau_terms_derived_from_Proto-Western_Malayo-Polynesian
Muduapa_terms_derived_from_Eastern_Malayo-Polynesian_languages
Nakanai_terms_derived_from_Eastern_Malayo-Polynesian_languages
Nauruan_terms_derived_from_Eastern_Malayo-Polynesian_languages
Niuafo'ou_terms_derived_from_Central-Eastern_Oceanic_languages
North_Marquesan_terms_derived_from_Malayo-Polynesian_languages
Northern_Roglai_terms_derived_from_Malayo-Polynesian_languages
Norwegian_Nynorsk_terms_derived_from_Central_Semitic_languages
Nukuoro_terms_derived_from_Eastern_Malayo-Polynesian_languages
Numbami_terms_derived_from_Eastern_Malayo-Polynesian_languages
Nyâlayu_terms_derived_from_Eastern_Malayo-Polynesian_languages
Old_Church_Slavonic_terms_derived_from_East_Germanic_languages
Old_Church_Slavonic_terms_derived_from_Indo-European_languages
Old_Church_Slavonic_terms_derived_from_West_Germanic_languages
Old_East_Slavic_terms_derived_from_Northwest_Semitic_languages
Ontong_Java_terms_derived_from_Proto-Eastern_Malayo-Polynesian
Ottoman_Turkish_terms_derived_from_Northwest_Semitic_languages
Owa_terms_derived_from_Proto-Central-Eastern_Malayo-Polynesian
Paulohi_terms_derived_from_Central_Malayo-Polynesian_languages
Penrhyn_terms_derived_from_Eastern_Malayo-Polynesian_languages
Persian_terms_derived_from_Western_Malayo-Polynesian_languages
Proto-Bungku-Tolaki_terms_derived_from_Proto-Malayo-Polynesian
Proto-Lampungic_terms_derived_from_Malayo-Polynesian_languages
Proto-Malayo-Chamic_terms_derived_from_Proto-Malayo-Polynesian
Proto-North_Sarawak_terms_derived_from_Proto-Malayo-Polynesian
Proto-South_Sulawesi_terms_derived_from_Austronesian_languages
Proto-Sunda-Sulawesi_terms_derived_from_Austronesian_languages
Rembong_terms_derived_from_Central_Malayo-Polynesian_languages
Rembong_terms_derived_from_Western_Malayo-Polynesian_languages
Rotuman_terms_derived_from_Eastern_Malayo-Polynesian_languages
Roviana_terms_derived_from_Eastern_Malayo-Polynesian_languages
Russian_terms_derived_from_Western_Malayo-Polynesian_languages
Samoan_Plantation_Pidgin_terms_derived_from_Germanic_languages
Scottish_Gaelic_terms_derived_from_Malayo-Polynesian_languages
Scottish_Gaelic_terms_derived_from_Northwest_Semitic_languages
Slovene_terms_derived_from_Western_Malayo-Polynesian_languages
South_Marquesan_terms_derived_from_Malayo-Polynesian_languages
Spanish_terms_derived_from_Eastern_Malayo-Polynesian_languages
Spanish_terms_derived_from_Western_Malayo-Polynesian_languages
Sumbawa_terms_derived_from_Western_Malayo-Polynesian_languages
Swedish_terms_derived_from_Western_Malayo-Polynesian_languages
Tagal_Murut_terms_derived_from_Proto-Western_Malayo-Polynesian
Tagalog_terms_derived_from_Eastern_Malayo-Polynesian_languages
Tagalog_terms_derived_from_Western_Malayo-Polynesian_languages
Taimyr_Pidgin_Russian_terms_derived_from_East_Slavic_languages
Tikopia_terms_derived_from_Eastern_Malayo-Polynesian_languages
Tiruray_terms_derived_from_Western_Malayo-Polynesian_languages
Tok_Pisin_terms_derived_from_Central-Eastern_Oceanic_languages
Tokelauan_terms_derived_from_Central-Eastern_Oceanic_languages
Torres_Strait_Creole_terms_derived_from_Austronesian_languages
Tuamotuan_terms_derived_from_Central-Eastern_Oceanic_languages
Turkish_terms_derived_from_Western_Malayo-Polynesian_languages
Uruangnirin_terms_derived_from_Proto-Central_Malayo-Polynesian
Volapük_terms_derived_from_Western_Malayo-Polynesian_languages
Wallisian_terms_derived_from_Central-Eastern_Oceanic_languages
Yamdena_terms_derived_from_Central_Malayo-Polynesian_languages
English_words_not_following_the_I_before_E_except_after_C_rule
User_talk:Bequw/OCS_alternative_forms_and_spellings/reply_(10)
User_talk:Bequw/OCS_alternative_forms_and_spellings/reply_(11)
User_talk:Bequw/OCS_alternative_forms_and_spellings/reply_(12)
User_talk:Bequw/OCS_alternative_forms_and_spellings/reply_(13)
User_talk:Bequw/Template_talk:context_Allowing_a_script_prefix
User_talk:CodeCat/Automatic_transliteration_of_Greek/reply_(2)
User_talk:CodeCat/Automatic_transliteration_of_Greek/reply_(3)
User_talk:CodeCat/Automatic_transliteration_of_Greek/reply_(4)
User_talk:CodeCat/Automatic_transliteration_of_Greek/reply_(5)
User_talk:CodeCat/Category:Greek_terms_lacking_transliteration
User_talk:CodeCat/Category:Language_code_missing/context/reply
User_talk:CodeCat/Edit-summary_at_Template:l,_Template:t,_etc.
User_talk:CodeCat/Entries_with_templates_lacking_language_code
User_talk:CodeCat/Problem_with_the_new_Beer_Parlor_setup/reply
User_talk:CodeCat/Russian_verbs_type_3,_test_module/reply_(10)
User_talk:CodeCat/Russian_verbs_type_3,_test_module/reply_(11)
User_talk:CodeCat/Russian_verbs_type_3,_test_module/reply_(12)
User_talk:CodeCat/Sort_key_for_Old_and_Middle_French/reply_(2)
User_talk:CodeCat/Sort_key_for_Old_and_Middle_French/reply_(3)
User_talk:CodeCat/Sort_key_for_Old_and_Middle_French/reply_(4)
User_talk:CodeCat/Sort_key_for_Old_and_Middle_French/reply_(5)
User_talk:CodeCat/Sort_key_for_Old_and_Middle_French/reply_(6)
User_talk:CodeCat/Sort_key_for_Old_and_Middle_French/reply_(7)
User_talk:CodeCat/Template:Jpan_vs._Template:lang_ja/reply_(2)
User_talk:CodeCat/Template:Jpan_vs._Template:lang_ja/reply_(3)
User_talk:CodeCat/Template:ko-hanja_is_(slightly)_broken/reply
User_talk:CodeCat/Template_at_Lichtgeschwindigkeiten/reply_(2)
User_talk:CodeCat/Template_at_Lichtgeschwindigkeiten/reply_(3)
User_talk:CodeCat/Template_at_Lichtgeschwindigkeiten/reply_(4)
User_talk:CodeCat/Template_at_Lichtgeschwindigkeiten/reply_(5)
User_talk:CodeCat/Template_at_Lichtgeschwindigkeiten/reply_(6)
User_talk:CodeCat/Template_at_Lichtgeschwindigkeiten/reply_(7)
User_talk:CodeCat/Template_at_Lichtgeschwindigkeiten/reply_(8)
User_talk:CodeCat/Template_at_Lichtgeschwindigkeiten/reply_(9)
User_talk:CodeCat/Zulu_a_limited_documentation_language?/reply
User_talk:CodeCat/_langt_and_Category:Languages_needing_family
User_talk:Yair_rand/Adding_translations_using_Javascript/reply
User_talk:Yair_rand/Module:etymtree_needs_some_fixes/reply_(2)
User_talk:Yair_rand/Module:etymtree_needs_some_fixes/reply_(3)
User_talk:Yair_rand/Module:etymtree_needs_some_fixes/reply_(4)
User_talk:Yair_rand/following_up_on_the_discussion_of_LT/reply
User_talk:Yair_rand/rhymesedit_on_German_Wiktionary?/reply_(2)
User_talk:Yair_rand/rhymesedit_on_German_Wiktionary?/reply_(3)
User_talk:Yair_rand/rhymesedit_on_German_Wiktionary?/reply_(4)
great-great-great-great-great-great-great-great-granddaughters
great-great-great-great-great-great-great-great-great-grandson
great_great_great_great_great_great_great_great_granddaughters
great_great_great_great_great_great_great_great_great_grandson