1@Shoulder-FingerBack_1@Shoulder-FingerBack_1@Abdomen-FingerBack
It_is_better_to_light_a_single_candle_than_to_curse_the_darkness
OpenB@NearSideNosehigh-FingerUp_OpenB@SideNosehigh-FingerForward
OpenB@Palm-PalmDown-OpenB@CenterChesthigh-PalmUp_Contact_Contact
ce_n'est_pas_à_un_vieux_singe_qu'on_apprend_à_faire_des_grimaces
great-great-great-great-great-great-great-great-great-grandchild
great_great_great_great_great_great_great_great_great_grandchild
lykken_er_ikke_en_station_vi_kommer_til,_men_en_måde_at_rejse_på
there_may_be_snow_on_the_rooftop_but_there's_fire_in_the_furnace
en_la_nomo_de_la_Patro,_kaj_de_la_Filo,_kaj_de_la_Sankta_Spirito
Connel_MacKenzie/redirects/Simple_plural_redirecting_to_singular
Gtroy/archive1(18:40-08-September-2011)(21:30-20-September-2011)
Connel_MacKenzie/redirects/Simple_plural_redirecting_to_singular
Requests_for_verification_archive/September_2009/Star_Wars_stuff
Afrikaans_terms_derived_from_Eastern_Malayo-Polynesian_languages
Afrikaans_terms_derived_from_Western_Malayo-Polynesian_languages
Alune_terms_derived_from_Proto-Central-Eastern_Malayo-Polynesian
Anuta_terms_derived_from_Proto-Central-Eastern_Malayo-Polynesian
Araki_terms_derived_from_Proto-Central-Eastern_Malayo-Polynesian
Arosi_terms_derived_from_Proto-Central-Eastern_Malayo-Polynesian
Banda_(Indonesia)_terms_derived_from_Malayo-Polynesian_languages
Banjarese_terms_derived_from_Western_Malayo-Polynesian_languages
Bilba_terms_derived_from_Proto-Central-Eastern_Malayo-Polynesian
Broome_Pearling_Lugger_Pidgin_terms_derived_from_other_languages
Brunei_Bisaya_terms_derived_from_Proto-Western_Malayo-Polynesian
Bulgarian_terms_derived_from_Western_Malayo-Polynesian_languages
Buli_(Indonesia)_terms_derived_from_Proto-Halmahera-Cenderawasih
Calamian_Tagbanwa_terms_derived_from_Malayo-Polynesian_languages
Campidanese_Sardinian_terms_derived_from_Indo-European_languages
Cantonese_terms_derived_from_Western_Malayo-Polynesian_languages
Casiguran_Dumagat_Agta_terms_derived_from_Austronesian_languages
Catalan_second_conjugation_verbs_with_irregular_past_participles
Central_Dusun_terms_derived_from_Proto-Western_Malayo-Polynesian
Central_Tagbanwa_terms_derived_from_Borneo-Philippines_languages
Classical_Nahuatl_terms_derived_from_Northwest_Semitic_languages
East_Futuna_terms_derived_from_Central-Eastern_Oceanic_languages
Esperanto_terms_derived_from_Eastern_Malayo-Polynesian_languages
Esperanto_terms_derived_from_Western_Malayo-Polynesian_languages
German_Low_German_terms_derived_from_Northwest_Semitic_languages
Gorontalo_terms_derived_from_Western_Malayo-Polynesian_languages
Haeke_terms_derived_from_Proto-Central-Eastern_Malayo-Polynesian
Hiri_Motu_terms_derived_from_Eastern_Malayo-Polynesian_languages
Hungarian_terms_derived_from_Western_Malayo-Polynesian_languages
Icelandic_terms_derived_from_Eastern_Malayo-Polynesian_languages
Icelandic_terms_derived_from_Western_Malayo-Polynesian_languages
Kankanaey_terms_derived_from_Western_Malayo-Polynesian_languages
Kemak_terms_derived_from_Proto-Central-Eastern_Malayo-Polynesian
Kisar_terms_derived_from_Proto-Central-Eastern_Malayo-Polynesian
Lamaholot_terms_derived_from_Central_Malayo-Polynesian_languages
Latvian_ie/e-n/j_type_(with_lengthening)_first_conjugation_verbs
Manam_terms_derived_from_Proto-Central-Eastern_Malayo-Polynesian
Mandarin_terms_in_traditional_script_derived_from_Middle_Persian
Manggarai_terms_derived_from_Central_Malayo-Polynesian_languages
Manggarai_terms_derived_from_Western_Malayo-Polynesian_languages
Maori_terms_derived_from_Proto-Central-Eastern_Malayo-Polynesian
Marshallese_terms_derived_from_Central-Eastern_Oceanic_languages
Mongondow_terms_derived_from_Western_Malayo-Polynesian_languages
Nauna_terms_derived_from_Proto-Central-Eastern_Malayo-Polynesian
Niuafo'ou_terms_derived_from_Eastern_Malayo-Polynesian_languages
North_Levantine_Arabic_terms_derived_from_Indo-Iranian_languages
Norwegian_Nynorsk_terms_derived_from_Northwest_Semitic_languages
Norwegian_terms_derived_from_Eastern_Malayo-Polynesian_languages
Norwegian_terms_derived_from_Western_Malayo-Polynesian_languages
Ontong_Java_terms_derived_from_Central-Eastern_Oceanic_languages
Pohnpeian_terms_derived_from_Eastern_Malayo-Polynesian_languages
Proto-Eastern_Polynesian_terms_derived_from_Polynesian_languages
Proto-Malayic_terms_derived_from_Proto-Western_Malayo-Polynesian
Proto-Malayo-Chamic_terms_derived_from_Malayo-Sumbawan_languages
Proto-Malayo-Sumbawan_terms_derived_from_Proto-Malayo-Polynesian
Proto-Nuclear_Polynesian_terms_derived_from_Polynesian_languages
Proto-Oceanic_terms_derived_from_Proto-Eastern_Malayo-Polynesian
Proto-South_Sulawesi_terms_derived_from_Sunda-Sulawesi_languages
Réunion_Creole_French_terms_derived_from_Indo-European_languages
Samoan_Plantation_Pidgin_terms_derived_from_Polynesian_languages
Sekar_terms_derived_from_Proto-Central-Eastern_Malayo-Polynesian
Sundanese_terms_derived_from_Western_Malayo-Polynesian_languages
Taimyr_Pidgin_Russian_terms_derived_from_Indo-European_languages
Takuu_terms_derived_from_Proto-Central-Eastern_Malayo-Polynesian
Tetum_terms_derived_from_Proto-Central-Eastern_Malayo-Polynesian
Timugon_Murut_terms_derived_from_Proto-Western_Malayo-Polynesian
To'abaita_terms_derived_from_Eastern_Malayo-Polynesian_languages
Tok_Pisin_terms_derived_from_Eastern_Malayo-Polynesian_languages
Tok_Pisin_terms_derived_from_Western_Malayo-Polynesian_languages
Tokelauan_terms_derived_from_Eastern_Malayo-Polynesian_languages
Tolai_terms_derived_from_Proto-Central-Eastern_Malayo-Polynesian
Torres_Strait_Creole_terms_derived_from_Sunda-Sulawesi_languages
Tuamotuan_terms_derived_from_Eastern_Malayo-Polynesian_languages
Ukrainian_terms_derived_from_Western_Malayo-Polynesian_languages
Vurës_terms_derived_from_Proto-Central-Eastern_Malayo-Polynesian
Wallisian_terms_derived_from_Eastern_Malayo-Polynesian_languages
Wangaaybuwan-Ngiyambaa_terms_derived_from_Pama-Nyungan_languages
Yuaga_terms_derived_from_Proto-Central-Eastern_Malayo-Polynesian
cmn:People_in_Romance_of_the_Three_Kingdoms_in_simplified_script
cmn:Places_in_Romance_of_the_Three_Kingdoms_in_simplified_script
User_talk:Catsidhe/Comments_on_your_Old_Irish_subpages/reply_(2)
User_talk:Catsidhe/Comments_on_your_Old_Irish_subpages/reply_(3)
User_talk:Catsidhe/Comments_on_your_Old_Irish_subpages/reply_(4)
User_talk:CodeCat/Created_a_wrong_category_by_accident/reply_(2)
User_talk:CodeCat/Editing_Appendix:Somali_Swadesh_list/reply_(2)
User_talk:CodeCat/Finnish_words_that_do_not_transclude/reply_(2)
User_talk:CodeCat/Finnish_words_that_do_not_transclude/reply_(3)
User_talk:CodeCat/Help_with_Proto_categories/templates/reply_(2)
User_talk:CodeCat/Help_with_Proto_categories/templates/reply_(3)
User_talk:CodeCat/Help_with_Proto_categories/templates/reply_(4)
User_talk:CodeCat/Help_with_Proto_categories/templates/reply_(5)
User_talk:CodeCat/Help_with_Proto_categories/templates/reply_(6)
User_talk:CodeCat/Help_with_Proto_categories/templates/reply_(7)
User_talk:CodeCat/MewBot,_sort_keys,_and_tone_numbers/reply_(10)
User_talk:CodeCat/MewBot,_sort_keys,_and_tone_numbers/reply_(11)
User_talk:CodeCat/Please_help_trimming_the_transliteration/reply
User_talk:CodeCat/Requested_Entries_for_Xhosa_and_Zulu/reply_(2)
User_talk:CodeCat/Requested_Entries_for_Xhosa_and_Zulu/reply_(3)
User_talk:CodeCat/Template:diminutive_of,_tr_parameter/reply_(2)
User_talk:CodeCat/Template:diminutive_of,_tr_parameter/reply_(3)
User_talk:CodeCat/mentioning_a_term,_but_not_linking_to_it/reply
User_talk:Kephir/More_transliteration_modules,_please?/reply_(2)
User_talk:Yair_rand/JS_editing_tools_and_entry_unification/reply
User_talk:Yair_rand/Political_subdivisions_categories_for_Russia
User_talk:Yair_rand/Usability_Initiative_(Vector)_Rollout_Coming
User_talk:Yair_rand/Wiktionary:Votes/2011-07/Categories_of_names
User_talk:Yair_rand/activing_tabed_language_in_fa.wikt/reply_(2)
User_talk:Yair_rand/activing_tabed_language_in_fa.wikt/reply_(3)
User_talk:Yair_rand/newentrywiz.js/MediaWiki:Edittools/reply_(2)
User_talk:Yair_rand/newentrywiz.js/Wizard_for_Catalan_Wiktionary
great-great-great-great-great-great-great-great-great-grandchild
great_great_great_great_great_great_great_great_great_grandchild