A@RadialFinger-PalmAcross-1@CenterChesthigh-PalmDown_Frontandback
Comité_de_surveillance_des_activités_de_renseignement_de_sécurité
great-great-great-great-great-great-great-great-great-grandfather
great-great-great-great-great-great-great-great-great-grandmother
great-great-great-great-great-great-great-great-great-grandparent
great_great_great_great_great_great_great_great_great_grandfather
great_great_great_great_great_great_great_great_great_grandmother
great_great_great_great_great_great_great_great_great_grandparent
the_screwing_you_get_isn't_worth_the_screwing_you're_going_to_get
there_may_be_snow_on_the_rooftop_but_there_is_fire_in_the_furnace
селекторная_коробка_двойного_ручного_управления_силовой_передачей
in_the_name_of_the_Father,_and_of_the_Son,_and_of_the_Holy_Spirit
-sche/German_terms_of_Native_Central_American_or_Caribbean_origin
Heyzeuss/Wiki_Projects_of_the_Indigenious_Peoples_of_the_Americas
Kevin_Rector/Offline_reports/Words_in_both_En_and_Es_Wiktionaries
Project_-_Spanish/Spanish_adjectives_without_inflection_templates
Wikisaurus/improvements/archive_of_Project_-_Improving_WikiSaurus
Adjectives_having_red_links_in_their_declension_table_by_language
American_Sign_Language_terms_derived_from_Indo-European_languages
American_Sign_Language_terms_derived_from_West_Germanic_languages
Baba_Malay_terms_derived_from_Western_Malayo-Polynesian_languages
Baluan-Pam_terms_derived_from_Eastern_Malayo-Polynesian_languages
Banyumasan_terms_derived_from_Western_Malayo-Polynesian_languages
Belarusian_terms_derived_from_Western_Malayo-Polynesian_languages
Calamian_Tagbanwa_terms_derived_from_Borneo-Philippines_languages
Casiguran_Dumagat_Agta_terms_derived_from_Proto-Malayo-Polynesian
Dupaninan_Agta_terms_derived_from_Proto-Western_Malayo-Polynesian
English_nouns_which_have_interacted_with_their_indefinite_article
Eritai_terms_derived_from_Proto-Central-Eastern_Malayo-Polynesian
Fiji_Hindi_terms_derived_from_Eastern_Malayo-Polynesian_languages
Fijian_terms_derived_from_Proto-Central-Eastern_Malayo-Polynesian
Futuna-Aniwa_terms_derived_from_Central-Eastern_Oceanic_languages
Gilbertese_terms_derived_from_Eastern_Malayo-Polynesian_languages
Gooniyandi_terms_derived_from_Western_Malayo-Polynesian_languages
Haveke_terms_derived_from_Proto-Central-Eastern_Malayo-Polynesian
Hiligaynon_terms_derived_from_Eastern_Malayo-Polynesian_languages
Hiligaynon_terms_derived_from_Western_Malayo-Polynesian_languages
Indonesian_terms_derived_from_Eastern_Malayo-Polynesian_languages
Indonesian_terms_derived_from_Western_Malayo-Polynesian_languages
Kapingamarangi_terms_derived_from_Proto-Eastern_Malayo-Polynesian
Karipúna_Creole_French_terms_derived_from_Indo-European_languages
Kedang_terms_derived_from_Proto-Central-Eastern_Malayo-Polynesian
Kimaragang_terms_derived_from_Western_Malayo-Polynesian_languages
Komodo_terms_derived_from_Proto-Central-Eastern_Malayo-Polynesian
Lithuanian_terms_derived_from_Western_Malayo-Polynesian_languages
Malecite-Passamaquoddy_terms_derived_from_Indo-European_languages
Malecite-Passamaquoddy_terms_derived_from_West_Germanic_languages
Mambae_terms_derived_from_Proto-Central-Eastern_Malayo-Polynesian
Mangarevan_terms_derived_from_Eastern_Malayo-Polynesian_languages
Maroon_Spirit_Language_terms_derived_from_Indo-European_languages
Maroon_Spirit_Language_terms_derived_from_West_Germanic_languages
Mayoyao_Ifugao_terms_derived_from_Proto-Western_Malayo-Polynesian
Mori_Bawah_terms_derived_from_Western_Malayo-Polynesian_languages
Ngad'a_terms_derived_from_Proto-Central-Eastern_Malayo-Polynesian
Niuean_terms_derived_from_Proto-Central-Eastern_Malayo-Polynesian
North_Levantine_Arabic_terms_derived_from_Indo-European_languages
Palu'e_terms_derived_from_Proto-Central-Eastern_Malayo-Polynesian
Pangasinan_terms_derived_from_Western_Malayo-Polynesian_languages
Portuguese_terms_derived_from_Eastern_Malayo-Polynesian_languages
Portuguese_terms_derived_from_Western_Malayo-Polynesian_languages
Proto-Malayo-Polynesian_terms_derived_from_Austronesian_languages
Proto-Malayo-Sumbawan_terms_derived_from_Sunda-Sulawesi_languages
Rarotongan_terms_derived_from_Eastern_Malayo-Polynesian_languages
Rennellese_terms_derived_from_Eastern_Malayo-Polynesian_languages
Samoan_terms_derived_from_Proto-Central-Eastern_Malayo-Polynesian
Selaru_terms_derived_from_Proto-Central-Eastern_Malayo-Polynesian
Tangoa_terms_derived_from_Proto-Central-Eastern_Malayo-Polynesian
Tongan_terms_derived_from_Proto-Central-Eastern_Malayo-Polynesian
Tontemboan_terms_derived_from_Western_Malayo-Polynesian_languages
Torres_Strait_Creole_terms_derived_from_Malayo-Sumbawan_languages
Vietnamese_terms_derived_from_Western_Malayo-Polynesian_languages
Wangaaybuwan-Ngiyambaa_terms_derived_from_Indo-European_languages
Wangaaybuwan-Ngiyambaa_terms_derived_from_West_Germanic_languages
Western_Bukidnon_Manobo_terms_derived_from_Austronesian_languages
Wuvulu-Aua_terms_derived_from_Eastern_Malayo-Polynesian_languages
cmn:People_in_Romance_of_the_Three_Kingdoms_in_traditional_script
cmn:Places_in_Romance_of_the_Three_Kingdoms_in_traditional_script
English_nouns_which_have_interacted_with_their_indefinite_article
User_talk:Bequw/Wiktionary:Information_desk_Category_of_all_forms
User_talk:CodeCat/A_small_mistake,_there_may_be_more_similar_ones
User_talk:CodeCat/Appendix:Proto-Germanic_vs_Index:Proto-Germanic
User_talk:CodeCat/Clearing_out_Special:Unused_templates/reply_(2)
User_talk:CodeCat/Etymology_categories_for_Translingual/reply_(2)
User_talk:CodeCat/Etymology_categories_for_Translingual/reply_(3)
User_talk:CodeCat/Etymology_categories_for_Translingual/reply_(4)
User_talk:CodeCat/Etymology_categories_for_Translingual/reply_(5)
User_talk:CodeCat/Module:si-translit_for_Sinhalese,_please?/reply
User_talk:CodeCat/Module:trans-table_/_Template:trans-table/reply
User_talk:CodeCat/Please_undelete_liv_"forms"_templates/reply_(2)
User_talk:CodeCat/Please_undelete_liv_"forms"_templates/reply_(3)
User_talk:CodeCat/Please_undelete_liv_"forms"_templates/reply_(4)
User_talk:CodeCat/Please_undelete_liv_"forms"_templates/reply_(5)
User_talk:CodeCat/Please_undelete_liv_"forms"_templates/reply_(6)
User_talk:CodeCat/Please_undelete_liv_"forms"_templates/reply_(7)
User_talk:CodeCat/Please_undelete_liv_"forms"_templates/reply_(8)
User_talk:CodeCat/Please_undelete_liv_"forms"_templates/reply_(9)
User_talk:CodeCat/Removing_signature_from_support_,_oppose_,_etc.
User_talk:CodeCat/Transliteration_of_ᛉ_in_the_Elder_Futhark/reply
User_talk:CodeCat/greed_-_hebzucht_translation_rollback/reply_(2)
User_talk:CodeCat/greed_-_hebzucht_translation_rollback/reply_(3)
User_talk:Kephir/Module:ar-translit,_Module:ko-translit/reply_(2)
User_talk:Kephir/Module:ar-translit,_Module:ko-translit/reply_(3)
User_talk:Kephir/Module:ar-translit,_Module:ko-translit/reply_(4)
User_talk:Kephir/Module:ar-translit,_Module:ko-translit/reply_(5)
User_talk:Kephir/Module:ar-translit,_Module:ko-translit/reply_(6)
User_talk:Kephir/Module:ar-translit,_Module:ko-translit/reply_(7)
User_talk:Kephir/Module:ar-translit,_Module:ko-translit/reply_(8)
User_talk:Kephir/Module:ar-translit,_Module:ko-translit/reply_(9)
User_talk:Yair_rand/Problem_with_the_translation_editor/reply_(2)
User_talk:Yair_rand/Problem_with_the_translation_editor/reply_(3)
User_talk:Yair_rand/Problem_with_the_translation_editor/reply_(4)
User_talk:Yair_rand/Thanks_for_creating_Category:en:Organizations
User_talk:Yair_rand/editor2.js/whitespace_when_adding_gloss/reply
User_talk:Yair_rand/newentrywiz.js/Adding_new_templates/reply_(2)
User_talk:Yair_rand/newentrywiz.js/Adding_new_templates/reply_(3)
User_talk:Yair_rand/newentrywiz.js/Adding_new_templates/reply_(4)
User_talk:Yair_rand/newentrywiz.js/Adding_new_templates/reply_(5)
User_talk:Yair_rand/newentrywiz.js/Adding_new_templates/reply_(6)
List_of_similar_words_with_the_same_meaning_in_French_and_Italian
List_of_similar_words_with_the_same_meaning_in_English_and_French
great-great-great-great-great-great-great-great-great-grandfather
great-great-great-great-great-great-great-great-great-grandmother
great-great-great-great-great-great-great-great-great-grandparent
great_great_great_great_great_great_great_great_great_grandfather
great_great_great_great_great_great_great_great_great_grandmother
great_great_great_great_great_great_great_great_great_grandparent