1@Sfhead-PalmDown_1@RadialHand-PalmDown-1@CenterChesthigh-PalmDown
1^o-f@IpsiChest-FingerBack_RoundHoriz_1^o-f@ContraChest-FingerBack
4@Nose-PalmBackFingerAcross_Wiggle_4@NearNeck-PalmBackFingerAcross
National_Polar-orbiting_Operational_Environmental_Satellite_System
am_fear_a_labhras_olc_mu_a_mhnaoi,_tha_e_a'_cur_mì-chliù_air_fhèin
early_to_bed,_early_to_rise,_makes_a_man_healthy,_wealthy_and_wise
great-great-great-great-great-great-great-great-great-grandfathers
great-great-great-great-great-great-great-great-great-grandmothers
great-great-great-great-great-great-great-great-great-grandparents
great_great_great_great_great_great_great_great_great_grandfathers
great_great_great_great_great_great_great_great_great_grandmothers
great_great_great_great_great_great_great_great_great_grandparents
tchi_s'tcheint_à_la_preunmié_broque_né_tchèrra_janmais_d'bein_haut
early_to_bed,_early_to_rise,_makes_a_man_healthy,_wealthy_and_wise
About_Spanish/Todo/Spanish_adjectives_without_inflection_templates
Criteria_for_inclusion/Languages_with_limited_online_documentation
Votes/2010-01/Setting_ToCs_to_be_on_the_right_hand_side_by_default
Votes/pl-2010-10/Treatment_of_toneless_pinyin_other_than_syllables
Votes/pl-2013-03/Japanese_Romaji_romanization_-_format_and_content
Votes/pl-2013-03/Japanese_romaji_romanization_-_format_and_content
Translations/If_present,_what_foreign_word_articles_should_contain
Votes/2010-01/Setting_ToCs_to_be_on_the_right_hand_side_by_default
Votes/pl-2010-10/Treatment_of_toneless_pinyin_other_than_syllables
Votes/pl-2013-03/Japanese_Romaji_romanization_-_format_and_content
Asilulu_terms_derived_from_Proto-Central-Eastern_Malayo-Polynesian
Baram_Kayan_terms_derived_from_Western_Malayo-Polynesian_languages
Bau_Bidayuh_terms_derived_from_Western_Malayo-Polynesian_languages
Broome_Pearling_Lugger_Pidgin_terms_derived_from_Japonic_languages
Broome_Pearling_Lugger_Pidgin_terms_derived_from_Malayic_languages
Bughotu_terms_derived_from_Proto-Central-Eastern_Malayo-Polynesian
Central_Melanau_terms_derived_from_Proto-Western_Malayo-Polynesian
Coastal_Kadazan_terms_derived_from_Proto-Western_Malayo-Polynesian
East_Futuna_terms_derived_from_Eastern_Malayo-Polynesian_languages
English_terms_derived_from_Proto-Central-Eastern_Malayo-Polynesian
Irarutu_terms_derived_from_Proto-Central-Eastern_Malayo-Polynesian
Kambera_terms_derived_from_Proto-Central-Eastern_Malayo-Polynesian
Kapampangan_terms_derived_from_Western_Malayo-Polynesian_languages
Kedah_Malay_terms_derived_from_Western_Malayo-Polynesian_languages
Kinyarwanda_terms_derived_from_Western_Malayo-Polynesian_languages
Komi-Zyrian_terms_derived_from_Western_Malayo-Polynesian_languages
Lampung_Api_terms_derived_from_Western_Malayo-Polynesian_languages
Louisiana_Creole_French_terms_derived_from_Indo-European_languages
Marshallese_terms_derived_from_Eastern_Malayo-Polynesian_languages
Minangkabau_terms_derived_from_Western_Malayo-Polynesian_languages
Muduapa_terms_derived_from_Proto-Central-Eastern_Malayo-Polynesian
Nakanai_terms_derived_from_Proto-Central-Eastern_Malayo-Polynesian
North_Marquesan_terms_derived_from_Proto-Eastern_Malayo-Polynesian
Northern_Roglai_terms_derived_from_Proto-Western_Malayo-Polynesian
Nukuoro_terms_derived_from_Proto-Central-Eastern_Malayo-Polynesian
Numbami_terms_derived_from_Proto-Central-Eastern_Malayo-Polynesian
Nyâlayu_terms_derived_from_Proto-Central-Eastern_Malayo-Polynesian
Ontong_Java_terms_derived_from_Eastern_Malayo-Polynesian_languages
Paulohi_terms_derived_from_Proto-Central-Eastern_Malayo-Polynesian
Penrhyn_terms_derived_from_Proto-Central-Eastern_Malayo-Polynesian
Proto-Bungku-Tolaki_terms_derived_from_Malayo-Polynesian_languages
Proto-Central_Malayo-Polynesian_terms_derived_from_other_languages
Proto-Eastern_Malayo-Polynesian_terms_derived_from_other_languages
Proto-Eastern_Polynesian_terms_derived_from_Austronesian_languages
Proto-Halmahera-Cenderawasih_terms_derived_from_Proto-Austronesian
Proto-Lampungic_terms_derived_from_Proto-Western_Malayo-Polynesian
Proto-Malayo-Chamic_terms_derived_from_Malayo-Polynesian_languages
Proto-North_Sarawak_terms_derived_from_Malayo-Polynesian_languages
Proto-Nuclear_Polynesian_terms_derived_from_Austronesian_languages
Proto-Western_Malayo-Polynesian_terms_derived_from_other_languages
Rembong_terms_derived_from_Proto-Central-Eastern_Malayo-Polynesian
Rotuman_terms_derived_from_Proto-Central-Eastern_Malayo-Polynesian
Roviana_terms_derived_from_Proto-Central-Eastern_Malayo-Polynesian
Samoan_Plantation_Pidgin_terms_derived_from_Austronesian_languages
South_Marquesan_terms_derived_from_Proto-Eastern_Malayo-Polynesian
Tikopia_terms_derived_from_Proto-Central-Eastern_Malayo-Polynesian
Uruangnirin_terms_derived_from_Central_Malayo-Polynesian_languages
Waray-Waray_terms_derived_from_Western_Malayo-Polynesian_languages
Western_Bukidnon_Manobo_terms_derived_from_Proto-Malayo-Polynesian
Words_with_audio_pronunciation_in_Midland_American_English_dialect
Yamdena_terms_derived_from_Proto-Central-Eastern_Malayo-Polynesian
User_talk:Bequw/English_Etymology_sections_without_templates/reply
User_talk:Bequw/Usability_Initiative_(Vector)_Rollout_Coming/reply
User_talk:CodeCat/Category:Language_code_missing/context/reply_(2)
User_talk:CodeCat/Category:Language_code_missing/context/reply_(3)
User_talk:CodeCat/Category:Proto-Slavic_verbs_in_a_consonant/reply
User_talk:CodeCat/Category:Turkish_form-of_templates_to_be_deleted
User_talk:CodeCat/Category:script_subtemplates_to_be_deleted_&_Co.
User_talk:CodeCat/Default_value_for_lang_in_script_templates/reply
User_talk:CodeCat/Problem_with_the_new_Beer_Parlor_setup/reply_(2)
User_talk:CodeCat/Problem_with_the_new_Beer_Parlor_setup/reply_(3)
User_talk:CodeCat/Recent_edits_and_accelerating_es-adj_forms/reply
User_talk:CodeCat/Removing_asterisks_before_unattested_terms/reply
User_talk:CodeCat/Some_cases_where_MewBot_is_breaking_"head"/reply
User_talk:CodeCat/Suggestion_for_whittling_down_Term_cleanup/reply
User_talk:CodeCat/Template:ko-hanja_is_(slightly)_broken/reply_(2)
User_talk:CodeCat/Your_input_is_requested_at_Wiktionary:Whitelist.
User_talk:CodeCat/Zulu_a_limited_documentation_language?/reply_(2)
User_talk:Kephir/Module:ar-translit,_Module:ko-translit/reply_(10)
User_talk:Yair_rand/Adding_translations_using_Javascript/reply_(2)
User_talk:Yair_rand/Category:Irish_mythology_and_tabbed_languages.
User_talk:Yair_rand/Wiktionary:Votes/2011-10/Categories_of_names_3
User_talk:Yair_rand/editor.js/Accelerated_adding_of_usage_examples
User_talk:Yair_rand/following_up_on_the_discussion_of_LT/reply_(2)
User_talk:Yair_rand/following_up_on_the_discussion_of_LT/reply_(3)
User_talk:Yair_rand/following_up_on_the_discussion_of_LT/reply_(4)
User_talk:Yair_rand/following_up_on_the_discussion_of_LT/reply_(5)
User_talk:Yair_rand/following_up_on_the_discussion_of_LT/reply_(6)
English_words_with_pronunciations_wildly_different_across_the_pond
Terms_considered_difficult_or_impossible_to_translate_into_English
Terms_considered_difficult_or_impossible_to_translate_into_English
great-great-great-great-great-great-great-great-great-grandfathers
great-great-great-great-great-great-great-great-great-grandmothers
great-great-great-great-great-great-great-great-great-grandparents
great_great_great_great_great_great_great_great_great_grandfathers
great_great_great_great_great_great_great_great_great_grandmothers
great_great_great_great_great_great_great_great_great_grandparents