3@SideTrunkhigh-PalmDown-3@SideChesthigh-PalmDown_Upanddown-Upanddown
Claw5@NearInsideChesthigh-PalmBack-Claw5@NearInsideChesthigh-PalmBack
Corna@Nose-Corna@SideChesthigh_Corna@RadialHand-Corna@CenterChesthigh
F@NearForehead-HandPalmDown_F@NearForehead-HandPalmUp_HorizSmallTwist
H@RadialFinger-H@NearCenterChesthigh_H@RadialFinger-H@CenterChesthigh
great-great-great-great-great-great-great-great-great-great-grandsons
great_great_great_great_great_great_great_great_great_great_grandsons
there_may_be_snow_on_the_roof_but_there's_still_a_fire_in_the_furnace
democracy_is_two_wolves_and_a_sheep_voting_on_what_to_have_for_dinner
Dan_Polansky/Roget_MICRA/Class_I._Words_Expressing_Abstract_Relations
HippieBot/English_pronouns_with_mismatch_between_heading_and_category
HippieBot/English_proverbs_with_mismatch_between_heading_and_category
Hippietrail/Silly_phrases_which_should_not_be_in_a_serious_dictionary
Kc_kennylau/list_of_ja-kanjitab_usage_without_all_required_parameters
Kevin_Rector/Offline_reports/List_of_Wiktionarians_by_number_of_edits
Pengo/List_of_Latin_and_Greek_words_commonly_used_in_systematic_names
Dan_Polansky/Roget_MICRA/Class_I._Words_Expressing_Abstract_Relations
Hippietrail/Silly_phrases_which_should_not_be_in_a_serious_dictionary
Kevin_Rector/Offline_reports/List_of_Wiktionarians_by_number_of_edits
Requested_entries_(Scientific_names)/Pages_with_redlinked_genus_names
Votes/pl-2011-02/Disallowing_translations_for_English_inflected_forms
Votes/pl-2013-03/Standards_of_identity_and_legal_definitions_of_terms
Votes/pl-2011-02/Disallowing_translations_for_English_inflected_forms
Votes/pl-2013-03/Standards_of_identity_and_legal_definitions_of_terms
Ambonese_Malay_terms_derived_from_Western_Malayo-Polynesian_languages
Baluan-Pam_terms_derived_from_Proto-Central-Eastern_Malayo-Polynesian
Casiguran_Dumagat_Agta_terms_derived_from_Malayo-Polynesian_languages
Dupaninan_Agta_terms_derived_from_Western_Malayo-Polynesian_languages
Gilbertese_terms_derived_from_Proto-Central-Eastern_Malayo-Polynesian
Greenlandic_Eskimo_Pidgin_terms_derived_from_North_Germanic_languages
Kapingamarangi_terms_derived_from_Eastern_Malayo-Polynesian_languages
Malaccan_Creole_Portuguese_terms_derived_from_Indo-European_languages
Malaccan_Creole_Portuguese_terms_derived_from_Malayo-Chamic_languages
Mangarevan_terms_derived_from_Proto-Central-Eastern_Malayo-Polynesian
Mayoyao_Ifugao_terms_derived_from_Western_Malayo-Polynesian_languages
Proto-Central_Malayo-Polynesian_terms_derived_from_Proto-Austronesian
Proto-Eastern_Malayo-Polynesian_terms_derived_from_Proto-Austronesian
Proto-Western_Malayo-Polynesian_terms_derived_from_Proto-Austronesian
Rarotongan_terms_derived_from_Proto-Central-Eastern_Malayo-Polynesian
Rennellese_terms_derived_from_Proto-Central-Eastern_Malayo-Polynesian
Samoan_Plantation_Pidgin_terms_derived_from_Western_Oceanic_languages
Serbo-Croatian_terms_derived_from_Western_Malayo-Polynesian_languages
Wuvulu-Aua_terms_derived_from_Proto-Central-Eastern_Malayo-Polynesian
cmn:Job_titles_in_Romance_of_the_Three_Kingdoms_in_traditional_script
User_talk:CodeCat/Changes_to_Ancient_Greek_declension_templates/reply
User_talk:CodeCat/Gender_switch_between_West_and_North_Germanic/reply
User_talk:CodeCat/Module:si-translit_for_Sinhalese,_please?/reply_(2)
User_talk:CodeCat/Module:trans-table_/_Template:trans-table/reply_(2)
User_talk:CodeCat/Module:trans-table_/_Template:trans-table/reply_(3)
User_talk:CodeCat/Some_incorrectly_coded_German_adjective_declensions
User_talk:Internoob/Deprecating_less-than_symbol_in_etymologies/reply
User_talk:Internoob/Thank_you_for_setting_the_Words_of_the_Days/reply
User_talk:Yair_rand/editor2.js/whitespace_when_adding_gloss/reply_(2)
User_talk:Yair_rand/editor2.js/whitespace_when_adding_gloss/reply_(3)
User_talk:Yair_rand/editor2.js/whitespace_when_adding_gloss/reply_(4)
User_talk:Yair_rand/newentrywiz.js/Access_from_the_main_page,_please?
User_talk:Yair_rand/requesting_help_reguarding_translation-add_script
List_of_homophones_gained_or_lost_through_phonemic_splits_and_mergers
great-great-great-great-great-great-great-great-great-great-grandsons
great_great_great_great_great_great_great_great_great_great_grandsons