B@Sternum-PalmDown-B@Chest-PalmDown_B@Trunk-PalmDown-B@Abdomen-PalmDown
Claw5@InsideTrunkhigh-PalmUp-Claw5@InsideTrunkhigh-PalmUp_Wiggle-Wiggle
Eʼeʼaahjí_Tónteel_bikáaʼgi_Kéyah_Yázhí_dah_Ndaaʼeełgo_Ałhidadiidzooígíí
X@Chest-PalmBack-X@Chest-PalmBack_X@Sternum-PalmBack-X@Abdomen-PalmBack
great-great-great-great-great-great-great-great-great-great-grandfather
great-great-great-great-great-great-great-great-great-great-grandmother
great-great-great-great-great-great-great-great-great-great-grandparent
great_great_great_great_great_great_great_great_great_great_grandfather
great_great_great_great_great_great_great_great_great_great_grandmother
great_great_great_great_great_great_great_great_great_great_grandparent
throw_enough_muck_at_the_wall_and_sooner_or_later_some_of_it_will_stick
Cleanup_and_deletion_process/Requests/Incorrect_topical_categorizations
Votes/pl-2010-02/Wikification_of_language_names_in_Translation_sections
Votes/pl-2010-02/Wikification_of_language_names_in_Translation_sections
Broome_Pearling_Lugger_Pidgin_terms_derived_from_Austronesian_languages
Buli_(Indonesia)_terms_derived_from_Eastern_Malayo-Polynesian_languages
Central_Tagbanwa_terms_derived_from_Western_Malayo-Polynesian_languages
Futuna-Aniwa_terms_derived_from_Proto-Central-Eastern_Malayo-Polynesian
Leti_(Indonesia)_terms_derived_from_Central_Malayo-Polynesian_languages
Malaccan_Creole_Portuguese_terms_derived_from_Malayo-Sumbawan_languages
Mandarin_terms_in_simplified_script_derived_from_Indo-Iranian_languages
Mussau-Emira_terms_derived_from_Proto-Central-Eastern_Malayo-Polynesian
Proto-Eastern_Polynesian_terms_derived_from_Malayo-Polynesian_languages
Proto-Halmahera-Cenderawasih_terms_derived_from_Proto-Malayo-Polynesian
Proto-Nuclear_Polynesian_terms_derived_from_Malayo-Polynesian_languages
Proto-Philippine_terms_derived_from_Western_Malayo-Polynesian_languages
Proto-Polynesian_terms_derived_from_Eastern_Malayo-Polynesian_languages
Proto-South_Sulawesi_terms_derived_from_Proto-Western_Malayo-Polynesian
Proto-Sunda-Sulawesi_terms_derived_from_Proto-Western_Malayo-Polynesian
Samoan_Plantation_Pidgin_terms_derived_from_Malayo-Polynesian_languages
Terms_with_manual_transliterations_different_from_the_automated_ones/ab
Terms_with_manual_transliterations_different_from_the_automated_ones/ba
Terms_with_manual_transliterations_different_from_the_automated_ones/be
Terms_with_manual_transliterations_different_from_the_automated_ones/ce
Terms_with_manual_transliterations_different_from_the_automated_ones/cv
Terms_with_manual_transliterations_different_from_the_automated_ones/el
Terms_with_manual_transliterations_different_from_the_automated_ones/hy
Terms_with_manual_transliterations_different_from_the_automated_ones/ka
Terms_with_manual_transliterations_different_from_the_automated_ones/kk
Terms_with_manual_transliterations_different_from_the_automated_ones/ky
Terms_with_manual_transliterations_different_from_the_automated_ones/mn
Terms_with_manual_transliterations_different_from_the_automated_ones/os
Terms_with_manual_transliterations_different_from_the_automated_ones/si
Terms_with_manual_transliterations_different_from_the_automated_ones/tg
Terms_with_manual_transliterations_different_from_the_automated_ones/uk
Wangaaybuwan-Ngiyambaa_terms_derived_from_Proto-Central_New_South_Wales
West_Coast_Bajau_terms_derived_from_Western_Malayo-Polynesian_languages
Western_Bukidnon_Manobo_terms_derived_from_Borneo-Philippines_languages
User_talk:Bequw/Wiktionary:Information_desk_Category_of_all_forms/reply
User_talk:CodeCat/A_small_mistake,_there_may_be_more_similar_ones/reply
User_talk:CodeCat/Category:Entries_with_templates_lacking_language_code
User_talk:CodeCat/Default_value_for_lang_in_script_templates/reply_(10)
User_talk:CodeCat/Default_value_for_lang_in_script_templates/reply_(11)
User_talk:CodeCat/Moving_archived_discussion_breaks_backlinks/reply_(2)
User_talk:CodeCat/Removing_signature_from_support_,_oppose_,_etc./reply
User_talk:Internoob/booklogo.css/It_doesn't_work_on_Special:Preferences
User_talk:Yair_rand/Thanks_for_creating_Category:en:Organizations/reply
Esperanto/List_of_similar_words_with_the_same_meaning_Esperanto-English
great-great-great-great-great-great-great-great-great-great-grandfather
great-great-great-great-great-great-great-great-great-great-grandmother
great-great-great-great-great-great-great-great-great-great-grandparent
great_great_great_great_great_great_great_great_great_great_grandfather
great_great_great_great_great_great_great_great_great_great_grandmother
great_great_great_great_great_great_great_great_great_great_grandparent